user_id,anime_id,rating,user,anime
6,1699,0.0,6,971
17,19429,0.0,15,1984
17,34103,0.7,15,681
11,22147,0.9,9,653
17,2889,0.0,15,1154
14,35330,0.0,12,1983
6,232,0.0,6,919
2,30363,0.0,2,564
2,37520,0.0,2,312
6,6064,0.5,6,1220
15,13535,0.0,13,665
12,199,1.0,10,43
14,39247,0.0,12,2008
2,29809,0.0,2,253
17,918,0.7,15,345
5,20507,0.0,5,87
6,270,0.0,6,228
17,32935,0.8,15,116
6,7062,0.8,6,1377
5,530,0.0,5,912
6,11981,1.0,6,1262
11,45,0.0,9,1692
2,9513,0.0,2,215
2,30296,0.0,2,535
13,877,0.0,11,66
2,4502,0.0,2,581
16,6324,0.0,14,818
17,32094,0.6,15,1760
4,128,0.5,4,936
6,1119,0.6,6,1295
3,1,0.9,3,678
11,23273,1.0,9,156
16,40483,0.0,14,2110
12,12549,0.0,10,680
7,105,0.0,7,916
2,5424,0.0,2,507
16,1691,0.0,14,945
14,5114,1.0,12,63
17,10271,0.0,15,2309
12,355,0.0,10,975
17,26023,1.0,15,2312
17,133,0.5,15,2127
3,32093,0.8,3,860
1,13667,0.8,1,144
17,10490,0.7,15,1398
17,32937,0.0,15,131
3,28297,0.8,3,821
11,17247,1.0,9,1639
7,2593,0.0,7,640
17,21881,0.5,15,173
16,21431,0.5,14,716
16,6347,0.6,14,1064
0,2034,0.8,0,29
17,1535,0.8,15,58
2,33253,0.0,2,213
14,34599,0.9,12,135
8,28999,0.0,8,676
3,23277,0.7,3,840
3,21431,0.6,3,716
4,1579,0.9,4,947
11,2025,0.0,9,302
1,35760,1.0,1,160
12,20689,0.0,10,1624
7,16001,0.8,7,1524
2,33421,0.0,2,367
2,16498,0.9,2,158
4,819,0.8,4,914
12,205,0.0,10,844
12,20973,0.0,10,1950
11,5355,0.8,9,1480
6,244,0.0,6,1390
2,11597,0.0,2,490
15,41899,0.0,13,2029
7,21881,0.7,7,173
12,9919,0.0,10,97
16,11785,0.0,14,722
16,276,0.6,14,1261
1,32188,1.0,1,171
2,3350,0.0,2,420
17,39617,0.0,15,93
17,442,0.6,15,136
4,7791,0.0,4,1020
2,9941,0.0,2,589
17,40956,0.0,15,112
1,34566,0.7,1,79
3,245,0.0,3,54
2,36885,0.0,2,542
1,40052,0.8,1,84
16,1818,0.0,14,888
1,2144,0.6,1,138
3,10030,0.9,3,662
17,226,0.8,15,222
6,10216,0.0,6,1514
17,31798,0.7,15,771
17,10079,0.6,15,733
8,32998,0.0,8,644
11,2154,0.0,9,1702
2,31580,0.7,2,212
16,31904,0.5,14,1712
3,5300,0.8,3,878
2,14543,0.0,2,434
15,41491,0.0,13,2028
5,6201,0.0,5,828
16,39576,0.7,14,2066
12,9479,0.0,10,1876
16,33475,0.6,14,1073
2,24851,0.0,2,452
0,6098,0.6,0,8
17,16009,0.7,15,753
6,1565,0.3,6,1388
17,33726,0.0,15,1763
6,9001,0.9,6,1228
2,36625,0.0,2,262
12,20971,0.0,10,1914
16,32214,0.0,14,1742
4,2369,0.8,4,970
5,488,0.0,5,1087
11,1254,0.0,9,1693
13,849,0.9,11,641
3,11111,0.8,3,655
2,29703,0.0,2,379
2,6987,0.0,2,263
17,14513,1.0,15,1642
8,24833,0.0,8,76
4,120,0.9,4,929
0,570,0.7,0,23
6,1250,0.0,6,14
12,31637,0.0,10,1728
3,6956,0.7,3,871
3,7647,0.8,3,657
11,20,0.6,9,33
4,177,0.9,4,69
12,34565,0.0,10,1813
11,9919,1.0,9,97
12,4654,0.0,10,861
6,205,0.0,6,844
7,18153,0.0,7,781
7,21405,0.8,7,1071
17,10568,1.0,15,754
12,33506,0.0,10,656
12,10336,0.0,10,1921
17,37348,0.0,15,2272
8,14719,0.0,8,234
12,10155,0.0,10,1800
1,5081,0.8,1,98
16,15379,0.0,14,778
17,26441,0.4,15,1737
17,32962,0.0,15,1752
17,11697,0.3,15,2209
6,167,0.0,6,1477
12,31798,0.0,10,771
12,12281,0.0,10,1939
4,1013,0.0,4,1022
3,35507,0.8,3,191
12,5734,0.0,10,1966
14,250,0.8,12,1690
3,10165,0.9,3,807
2,14379,0.0,2,573
12,30544,0.0,10,1804
11,2993,0.8,9,838
11,2418,0.0,9,579
2,38330,0.0,2,417
3,186,0.8,3,739
14,19489,0.9,12,1996
6,6950,0.3,6,1141
12,28907,0.0,10,708
12,8098,0.0,10,1961
2,263,1.0,2,226
13,3588,0.0,11,201
4,1723,0.0,4,1013
2,39480,0.0,2,567
17,1726,0.7,15,59
5,3044,1.0,5,1048
16,14811,0.0,14,715
2,38975,0.0,2,544
2,28309,0.0,2,499
0,20,0.0,0,33
12,31859,0.0,10,349
17,37440,0.0,15,2415
16,861,0.7,14,994
17,28999,0.9,15,676
8,1,0.0,8,678
6,1719,0.9,6,1312
3,187,0.8,3,740
11,6791,0.0,9,404
17,30240,0.8,15,830
17,33502,0.0,15,1837
2,8841,0.0,2,433
14,3366,0.7,12,1997
12,30276,0.0,10,146
8,16742,0.5,8,870
12,30868,0.0,10,1853
12,32094,0.0,10,1760
4,5114,0.0,4,63
6,659,0.8,6,1148
16,12413,0.0,14,1907
17,23079,0.6,15,1623
17,3614,0.5,15,2488
6,11795,0.8,6,1192
17,16049,0.7,15,2474
17,34944,0.0,15,2237
2,28223,0.8,2,221
3,7148,0.7,3,782
2,918,0.0,2,345
2,38397,0.0,2,484
16,28249,0.0,14,1789
12,33113,0.0,10,1764
11,21177,0.8,9,1645
16,16742,0.0,14,870
2,33981,0.0,2,523
6,1205,1.0,6,1143
12,23233,0.0,10,563
3,469,0.0,3,881
12,16417,1.0,10,1607
16,5781,0.6,14,742
6,856,0.0,6,1511
2,9181,0.0,2,476
7,27899,0.0,7,1554
14,18679,0.7,12,125
3,3958,0.8,3,755
17,21863,1.0,15,788
3,20787,0.7,3,666
1,31240,0.8,1,150
6,1818,0.0,6,888
5,6774,0.0,5,1095
6,3786,0.0,6,1413
2,19051,0.0,2,382
17,11005,0.9,15,2329
1,8246,0.7,1,142
17,14349,0.6,15,1995
12,2142,0.0,10,1865
16,35413,0.0,14,2103
1,35507,0.7,1,191
11,159,0.0,9,1678
12,25687,0.0,10,1798
17,27927,0.6,15,2483
12,25283,0.0,10,1819
17,38915,0.0,15,2363
12,10357,0.0,10,1906
17,31754,0.6,15,2206
17,16498,1.0,15,158
0,19,0.0,0,65
17,31405,0.7,15,2338
0,1689,0.6,0,12
16,32981,0.0,14,1733
14,10490,0.3,12,1398
6,4107,0.9,6,1335
12,22663,0.0,10,1832
17,37655,0.0,15,2465
16,591,0.5,14,2117
12,11751,0.0,10,1951
2,13221,0.0,2,439
12,16123,0.0,10,1947
11,8995,0.0,9,1699
14,32379,0.4,12,1985
5,534,0.0,5,1113
12,10372,0.0,10,1910
3,33506,0.8,3,656
4,1222,0.8,4,915
17,877,0.7,15,66
17,395,0.2,15,2281
17,14199,0.2,15,819
17,11843,0.9,15,685
2,13663,0.0,2,591
14,10721,0.0,12,792
4,149,0.7,4,953
3,32729,0.0,3,899
16,14833,0.0,14,1526
17,11499,1.0,15,247
6,7088,0.7,6,734
2,5630,0.0,2,363
1,22535,0.9,1,128
12,227,0.0,10,701
17,29786,0.7,15,248
17,8277,0.3,15,1686
5,269,0.8,5,51
17,853,0.7,15,68
17,19769,0.4,15,1643
11,23079,0.7,9,1623
12,30806,0.0,10,1949
8,19815,0.0,8,145
7,6512,0.0,7,815
3,8841,0.7,3,433
12,24439,0.0,10,764
17,38408,0.0,15,103
6,19,0.0,6,65
12,3572,0.0,10,1453
17,9969,0.8,15,346
6,12017,0.0,6,1502
16,33433,0.0,14,1769
8,30458,0.0,8,1577
12,27829,0.0,10,1734
12,20457,0.0,10,1546
6,6573,0.0,6,686
6,1210,0.0,6,1101
4,164,0.7,4,30
4,1563,0.9,4,955
6,8187,0.7,6,1196
3,330,0.0,3,894
16,2026,0.7,14,727
17,21189,0.7,15,1849
16,11933,0.0,14,1753
6,8449,0.0,6,1503
11,1887,0.8,9,56
16,27775,0.8,14,1603
3,28677,0.7,3,875
15,47778,0.0,13,2092
7,11499,0.7,7,247
15,225,0.5,13,2036
14,16498,0.8,12,158
15,38668,0.0,13,1991
17,32995,0.0,15,1126
15,38084,0.0,13,2063
2,28891,0.0,2,115
12,16169,0.0,10,1875
4,644,0.7,4,940
6,99,0.0,6,1461
4,853,0.9,4,68
5,16742,0.0,5,870
16,16498,0.0,14,158
4,831,0.7,4,923
2,1635,0.0,2,256
12,22101,0.0,10,1958
2,15451,0.9,2,230
14,4901,0.9,12,1986
2,2136,0.0,2,332
12,21843,0.0,10,1535
1,26243,0.7,1,89
6,7472,0.7,6,1200
12,294,0.0,10,1878
17,19117,0.0,15,1703
12,32281,0.0,10,127
0,1004,0.5,0,26
6,11241,0.0,6,1371
2,22069,0.0,2,583
3,16067,0.9,3,798
6,9366,0.7,6,1237
2,33191,0.0,2,421
6,226,0.9,6,222
12,5680,0.0,10,943
17,7769,0.8,15,1041
15,42203,0.0,13,90
17,10196,0.5,15,2218
2,11061,1.0,2,120
6,1220,0.7,6,1224
16,10163,0.6,14,1400
17,31637,0.9,15,1728
17,10620,1.0,15,241
17,31043,0.0,15,99
8,10161,0.6,8,1278
6,1571,0.0,6,19
17,6325,0.6,15,141
2,2871,0.0,2,280
11,1313,0.8,9,1182
17,37599,0.0,15,2074
6,3604,0.8,6,1216
12,1195,0.0,10,638
0,177,0.0,0,69
17,9515,1.0,15,1570
14,6747,0.5,12,1989
6,555,0.5,6,1253
16,1965,0.0,14,2182
17,32032,0.0,15,1765
2,1195,0.0,2,638
4,182,0.8,4,978
6,51,0.7,6,1342
17,22199,0.7,15,95
7,12355,0.9,7,1528
17,10624,0.7,15,2379
3,15379,0.7,3,778
12,9989,1.0,10,75
6,3466,0.8,6,1244
17,29317,0.0,15,2427
12,33775,0.0,10,1770
2,36051,0.0,2,369
1,1535,0.9,1,58
7,20457,0.0,7,1546
2,37939,0.0,2,445
8,9253,0.0,8,168
2,29027,0.0,2,569
8,31297,0.9,8,1578
6,6721,0.5,6,1140
17,6862,0.7,15,2340
16,11843,0.7,14,685
17,12531,0.9,15,2429
6,738,0.5,6,1386
3,17895,1.0,3,717
17,2927,0.4,15,1543
3,15315,0.8,3,796
4,156,0.7,4,991
12,29803,0.0,10,512
6,8840,0.7,6,1321
16,14749,0.0,14,148
8,40935,0.0,8,1587
1,30484,1.0,1,169
12,35790,0.0,10,586
3,22507,0.8,3,736
3,5681,0.9,3,858
16,33731,0.6,14,705
2,846,0.0,2,545
17,21603,0.7,15,1573
6,10620,0.8,6,241
11,11111,0.9,9,655
3,19163,0.7,3,688
12,7598,0.0,10,1922
1,39551,0.0,1,92
2,35931,0.0,2,416
13,1569,0.8,11,1980
17,27829,0.6,15,1734
5,35860,0.0,5,1091
17,20583,0.7,15,114
3,5958,0.8,3,855
12,28791,0.0,10,1808
17,12281,0.5,15,1939
16,8937,0.0,14,1968
12,24703,0.0,10,229
3,1575,0.8,3,105
3,47,0.9,3,650
17,37984,0.0,15,2025
16,257,0.0,14,1054
3,4725,0.7,3,704
11,6547,0.9,9,96
17,24469,0.3,15,2235
6,456,0.0,6,1427
17,27957,0.5,15,2455
17,19855,0.7,15,1646
8,21797,0.0,8,1564
15,39701,0.0,13,2078
12,16512,0.0,10,1720
16,10155,0.0,14,1800
2,10798,0.0,2,616
2,5172,0.0,2,449
6,164,1.0,6,30
8,20187,0.0,8,1592
17,21845,0.6,15,1670
16,26055,0.8,14,236
2,2403,0.0,2,427
5,32995,0.0,5,1126
0,199,0.8,0,43
16,31710,0.4,14,1721
1,3588,0.0,1,201
2,31886,0.0,2,315
16,31859,0.7,14,349
3,10080,0.8,3,752
7,2025,0.0,7,302
3,11617,0.7,3,364
12,31710,0.0,10,1721
2,11741,0.0,2,326
16,22319,0.6,14,250
17,38555,0.0,15,2402
16,2603,0.0,14,2178
6,514,0.6,6,1178
6,1852,0.7,6,1085
17,31478,0.0,15,1072
16,37171,0.0,14,1063
0,448,0.5,0,47
2,37233,0.0,2,479
6,688,0.7,6,1359
7,147,0.0,7,1549
4,6372,0.0,4,1018
6,12815,0.0,6,1484
16,18229,0.0,14,1590
17,32366,0.7,15,2298
6,477,0.0,6,1009
6,8939,0.7,6,1158
12,32608,0.0,10,1725
5,158,0.0,5,957
2,4719,0.0,2,532
12,16385,0.0,10,1723
17,934,0.6,15,365
1,28755,0.8,1,104
15,904,0.0,13,2053
16,21085,0.0,14,1850
12,13759,1.0,10,152
11,20853,0.9,9,1545
12,31143,0.0,10,1754
0,1735,0.0,0,61
3,240,0.8,3,710
6,557,0.5,6,1254
7,16762,0.8,7,1527
11,10213,0.0,9,787
17,18507,0.7,15,1417
16,5042,0.0,14,206
2,4607,0.0,2,611
17,13125,1.0,15,1553
2,10694,0.0,2,287
4,1691,0.8,4,945
16,150,0.0,14,913
2,15097,0.0,2,605
17,35889,0.0,15,2315
6,5080,0.4,6,1309
12,22547,0.0,10,1793
12,8937,0.0,10,1968
16,17247,0.0,14,1639
16,2508,0.6,14,711
3,33241,0.7,3,732
16,15809,0.6,14,725
16,31964,0.6,14,100
16,7088,0.0,14,734
6,5630,0.8,6,363
8,7791,0.0,8,1020
2,7593,0.8,2,207
16,20,0.7,14,33
2,1636,0.0,2,257
11,3588,1.0,9,201
2,31380,0.0,2,593
2,10380,0.0,2,501
6,8857,0.7,6,1276
17,8425,0.7,15,1428
3,18465,0.8,3,712
1,32937,0.7,1,131
17,1889,0.7,15,1219
12,27831,0.0,10,697
5,7785,0.0,5,1125
16,37779,0.8,14,190
6,4382,0.0,6,1026
6,227,0.6,6,701
16,32899,0.0,14,1051
17,41899,0.0,15,2029
17,37806,0.3,15,2101
16,13331,0.0,14,746
7,14833,0.7,7,1526
16,35507,0.7,14,191
12,16668,0.0,10,1739
5,487,0.8,5,1036
17,14749,0.7,15,148
4,4752,0.9,4,990
6,65,0.7,6,1313
2,7583,0.0,2,618
6,433,0.8,6,27
17,11887,0.8,15,774
17,13663,0.4,15,591
2,6633,0.0,2,530
3,35968,0.9,3,873
8,18671,0.8,8,1563
13,4080,0.0,11,1982
6,10793,0.0,6,1130
17,37345,0.0,15,2081
8,4224,0.0,8,182
3,3673,0.7,3,808
6,2952,0.0,6,1416
11,1118,0.6,9,1294
3,14345,0.8,3,673
14,32827,0.0,12,2004
6,9782,0.7,6,1279
17,39196,0.0,15,2376
8,22199,0.7,8,95
0,1985,0.0,0,70
17,36474,0.0,15,2461
6,1029,0.7,6,965
3,32323,0.7,3,648
17,30251,0.4,15,2485
16,28621,0.0,14,2183
3,33286,0.0,3,904
16,356,0.7,14,15
11,20847,0.8,9,848
17,5682,0.8,15,521
4,595,0.7,4,992
11,874,0.0,9,1185
5,9656,0.9,5,1039
6,6164,0.0,6,1395
12,11757,1.0,10,172
16,38040,0.7,14,2073
17,20031,0.8,15,679
6,10716,0.7,6,1352
4,74,0.8,4,934
17,10611,0.8,15,833
12,10156,0.0,10,1762
6,2144,0.3,6,138
6,430,0.8,6,17
12,17080,0.0,10,1960
3,24703,0.8,3,229
17,34753,0.0,15,2243
16,19815,0.6,14,145
6,1030,0.8,6,1207
12,21835,0.0,10,1925
6,251,0.0,6,1451
12,11887,0.0,10,774
16,31845,0.0,14,791
16,167,0.8,14,1477
5,120,1.0,5,929
2,31964,0.8,2,100
17,17265,0.7,15,1635
16,34104,0.0,14,1816
2,6337,0.0,2,368
12,918,0.0,10,345
12,16518,0.0,10,1863
16,330,0.0,14,894
0,430,0.9,0,17
6,5529,0.6,6,1302
7,6682,0.6,7,1133
8,13759,0.0,8,152
16,22877,0.0,14,1653
17,12865,0.2,15,2197
12,2418,0.0,10,579
2,21829,0.0,2,330
6,12893,0.0,6,1373
2,2904,1.0,2,220
15,39535,0.0,13,478
5,513,0.8,5,1047
16,5114,0.8,14,63
17,10740,0.1,15,2409
16,33502,0.0,14,1837
12,161,0.0,10,1935
16,8525,0.7,14,751
15,38909,0.0,13,2070
17,38936,0.0,15,2370
17,15225,0.8,15,729
3,34881,0.8,3,647
6,1953,0.7,6,1176
11,813,0.0,9,1673
17,23199,0.7,15,696
5,863,0.0,5,1055
14,21353,0.7,12,1661
3,30015,0.8,3,835
5,17777,0.6,5,1043
7,17777,0.0,7,1043
5,14921,0.0,5,1108
16,33985,0.0,14,1713
16,22147,0.5,14,653
17,34443,0.0,15,277
17,14765,0.9,15,1736
4,2685,0.8,4,986
3,26443,0.6,3,865
0,269,0.9,0,51
2,10827,0.0,2,625
17,3785,0.3,15,1412
4,2251,0.0,4,275
2,2869,0.0,2,480
13,1530,0.8,11,1444
3,226,0.9,3,222
2,40748,0.0,2,85
3,8876,0.8,3,773
1,18753,0.7,1,187
17,10790,1.0,15,777
3,199,0.9,3,43
6,6372,0.7,6,1018
3,31376,0.7,3,702
17,2369,0.7,15,970
6,3228,0.0,6,1515
12,9330,0.0,10,1881
12,33726,0.0,10,1763
12,14397,0.0,10,1874
17,34577,0.0,15,482
16,13535,0.0,14,665
17,28171,0.8,15,161
17,37719,0.0,15,2325
1,32935,0.8,1,116
17,32182,0.0,15,242
6,952,0.0,6,1455
17,5681,0.7,15,858
3,9253,0.9,3,168
11,6444,0.0,9,1677
1,30831,0.7,1,130
17,38000,0.0,15,126
16,392,0.6,14,1007
12,14227,0.0,10,863
1,995,0.8,1,176
6,276,0.6,6,1261
2,12375,0.0,2,458
17,22729,1.0,15,651
12,6381,0.0,10,1964
12,31722,0.0,10,483
16,33421,0.6,14,367
2,11997,0.0,2,612
17,10719,0.8,15,670
2,24703,0.8,2,229
3,3654,0.8,3,784
3,11633,0.7,3,217
17,27387,0.7,15,868
1,40776,0.9,1,118
17,8407,0.9,15,856
6,329,0.0,6,1474
6,9135,0.0,6,1420
16,4744,0.0,14,649
2,35073,0.0,2,513
17,32827,0.0,15,2004
13,486,0.9,11,893
5,15043,0.0,5,1053
16,23847,0.7,14,188
17,2759,0.4,15,1189
4,150,0.9,4,913
15,44983,0.0,13,2088
14,31964,0.8,12,100
12,30740,0.0,10,1779
7,23755,0.0,7,243
2,16472,0.0,2,548
6,594,0.5,6,1272
12,19685,0.0,10,1632
3,306,0.0,3,883
17,32262,0.0,15,2145
2,5347,0.0,2,283
11,21,1.0,9,4
12,696,0.0,10,1967
2,30276,0.9,2,146
12,565,1.0,10,1839
2,8291,0.0,2,495
14,1818,0.0,12,888
16,11617,0.6,14,364
17,36475,0.0,15,1840
16,889,0.0,14,286
2,10073,0.0,2,551
15,40454,0.0,13,2060
2,17074,0.0,2,474
12,6746,0.0,10,695
11,16157,0.6,9,1618
12,29786,0.0,10,248
17,32438,0.7,15,1098
17,3919,0.8,15,2439
14,37510,0.9,12,1824
2,8577,0.0,2,264
8,8769,0.0,8,822
11,10793,0.0,9,1130
7,3702,0.0,7,693
16,20899,0.6,14,235
14,38256,0.0,12,2015
11,25731,0.7,9,1619
16,3299,0.0,14,2170
3,20541,0.7,3,794
3,8795,0.8,3,517
17,14345,0.9,15,673
17,10073,0.8,15,551
6,4705,0.6,6,1340
6,6758,0.6,6,1132
7,1210,0.0,7,1101
16,479,0.6,14,1704
2,36876,0.0,2,334
12,177,0.0,10,69
3,2904,0.8,3,220
3,31339,0.0,3,314
2,24987,0.0,2,336
17,32867,0.7,15,1795
16,30911,0.6,14,1843
12,10161,0.0,10,1278
11,16894,0.9,9,133
6,455,0.0,6,1415
6,243,0.0,6,1429
6,2897,0.6,6,1270
16,24439,0.6,14,764
17,30654,0.9,15,1585
8,30895,0.0,8,1593
17,37569,0.0,15,2450
12,9760,0.0,10,1811
6,3447,0.5,6,1248
16,24873,0.0,14,2106
1,35847,0.7,1,167
12,31430,0.0,10,1845
6,4672,0.0,6,1447
0,2547,0.7,0,45
14,226,0.8,12,222
7,19163,0.8,7,688
11,552,0.8,9,1181
12,442,1.0,10,136
17,19703,0.5,15,2368
17,1689,0.6,15,12
16,11111,0.6,14,655
6,497,0.0,6,1513
8,14289,0.0,8,1116
12,19799,0.0,10,1940
11,227,0.0,9,701
7,20047,0.8,7,1110
17,33486,0.0,15,101
3,14811,0.7,3,715
14,23605,0.1,12,2003
12,31173,0.0,10,1786
17,7674,0.7,15,77
12,24765,0.0,10,706
16,133,0.5,14,2127
11,5507,0.0,9,1696
17,31442,0.7,15,797
16,31229,0.0,14,1559
6,98,0.0,6,1459
16,36028,0.0,14,2100
3,1698,0.0,3,898
17,10893,0.7,15,2367
17,12419,0.8,15,2307
6,10396,0.8,6,664
12,34051,0.0,10,1708
12,25159,0.0,10,1626
5,106,0.0,5,1083
17,12671,0.1,15,2411
17,18677,0.6,15,876
17,32370,0.8,15,889
2,38691,0.0,2,110
12,28391,0.0,10,1788
17,2210,0.9,15,2479
16,11741,0.8,14,326
17,65,0.9,15,1313
3,12291,0.7,3,645
16,1538,0.6,14,2144
2,10697,0.0,2,274
6,2768,0.7,6,1171
2,10087,0.0,2,82
17,27831,0.4,15,697
7,18245,0.8,7,1537
11,24231,0.8,9,1625
16,21863,0.5,14,788
11,1604,0.0,9,86
6,1640,0.6,6,1138
0,1571,1.0,0,19
17,19431,0.0,15,2303
17,14289,0.6,15,1116
16,36633,0.4,14,2123
2,5042,0.8,2,206
17,38883,0.0,15,117
2,10457,0.0,2,391
17,40529,0.0,15,2396
11,19815,1.0,9,145
14,33206,0.9,12,772
15,898,0.0,13,2047
3,33091,0.0,3,900
17,13667,0.6,15,144
6,11785,0.0,6,722
17,40489,0.0,15,2463
3,32071,0.7,3,707
12,21273,0.0,10,1897
12,10793,0.0,10,1130
16,29785,0.6,14,745
16,476,0.6,14,937
2,10924,0.0,2,528
1,41587,0.0,1,194
17,8074,1.0,15,231
15,40056,0.0,13,2035
8,25241,0.0,8,1584
8,6880,0.0,8,689
16,10719,0.5,14,670
6,6399,0.7,6,1218
17,5781,0.7,15,742
6,20,0.5,6,33
5,7593,0.7,5,207
14,10793,0.6,12,1130
16,17549,0.0,14,1600
2,35727,0.0,2,464
6,530,0.0,6,912
5,21405,0.0,5,1071
17,42423,0.0,15,2258
2,32355,0.0,2,603
8,30015,0.0,8,835
17,10213,0.9,15,787
17,10702,0.4,15,2469
3,22535,0.8,3,128
5,1222,0.0,5,915
4,392,0.7,4,1007
17,6178,0.1,15,2408
7,1588,0.0,7,1551
16,12293,0.0,14,296
15,41911,0.0,13,2021
12,18055,0.0,10,1732
3,10578,0.6,3,675
3,37450,0.9,3,153
12,35073,0.0,10,513
3,31645,0.7,3,826
12,22735,0.0,10,1934
6,450,0.0,6,1440
11,5680,0.9,9,943
2,235,1.0,2,52
14,33506,0.0,12,656
3,4192,0.0,3,892
2,2870,0.0,2,627
12,8100,0.0,10,1926
17,935,0.7,15,624
7,1087,0.0,7,1548
6,3352,0.8,6,1338
12,34547,0.0,10,1768
5,32648,0.0,5,724
11,9982,0.8,9,1667
1,23847,0.8,1,188
5,32093,0.0,5,860
6,2759,0.8,6,1189
12,12115,0.0,10,1711
4,4548,0.8,4,998
17,41468,0.0,15,2034
17,11179,0.7,15,2111
11,23037,0.0,9,1671
17,11703,0.8,15,1797
0,853,0.0,0,68
12,23199,0.0,10,696
2,31181,0.0,2,514
16,32951,0.0,14,836
1,481,0.8,1,10
5,322,0.0,5,1105
1,34599,0.8,1,135
6,199,0.9,6,43
4,103,0.0,4,999
5,9379,0.0,5,692
11,23321,0.7,9,1636
12,12445,0.0,10,1965
6,6746,1.0,6,695
17,13161,1.0,15,721
3,19815,0.8,3,145
2,36903,0.0,2,415
11,2251,0.9,9,275
17,39355,0.0,15,2082
17,12031,0.0,15,1688
2,10546,0.0,2,540
5,5168,0.0,5,1062
2,30464,0.0,2,568
2,3503,0.0,2,402
17,28833,0.0,15,1715
12,1840,0.0,10,1539
12,31478,0.0,10,1072
17,31240,0.8,15,150
5,846,1.0,5,545
14,777,0.9,12,359
12,36407,0.0,10,767
16,34126,0.5,14,2146
8,21603,0.0,8,1573
1,10589,0.7,1,143
6,245,0.0,6,54
17,38830,0.0,15,2067
12,33433,0.0,10,1769
6,1887,0.0,6,56
7,7791,0.9,7,1020
2,38031,0.0,2,409
17,14283,0.7,15,1847
8,889,0.0,8,286
17,18041,0.6,15,1943
13,4382,0.0,11,1026
6,7014,0.0,6,1497
11,1691,0.0,9,945
3,8074,0.7,3,231
2,1535,1.0,2,58
17,12355,0.6,15,1528
14,30831,0.7,12,130
15,40351,0.0,13,2030
6,853,0.0,6,68
5,8129,0.0,5,1094
1,33352,0.7,1,184
17,6443,0.5,15,2199
16,11757,0.5,14,172
16,34497,0.5,14,304
17,38691,0.0,15,110
17,36563,0.0,15,2382
17,7088,1.0,15,734
5,4722,0.0,5,7
6,861,0.0,6,994
13,1,0.0,11,678
11,8057,0.0,9,1698
6,673,0.0,6,1460
12,30782,0.0,10,1864
16,4224,0.7,14,182
3,24765,0.7,3,706
15,38000,0.0,13,126
17,6746,0.8,15,695
6,552,0.7,6,1181
6,6336,0.0,6,1379
16,28223,0.0,14,221
12,24705,0.0,10,1755
12,28221,0.0,10,699
17,30485,0.0,15,2242
7,23289,0.7,7,709
16,12175,0.0,14,2176
12,34561,0.0,10,1758
6,9041,0.4,6,741
6,355,0.0,6,975
1,9919,0.8,1,97
17,29067,0.9,15,2254
17,20787,0.8,15,666
17,33253,0.0,15,213
17,26,0.0,15,2470
1,37521,0.9,1,183
6,3080,0.8,6,1139
17,32271,0.0,15,2264
8,877,0.0,8,66
3,31798,0.8,3,771
17,21743,0.6,15,2268
12,998,0.0,10,1869
17,16894,1.0,15,133
6,7739,0.1,6,1134
11,19369,0.9,9,1649
6,252,0.0,6,1454
12,953,0.0,10,1908
16,32171,0.4,14,1709
16,20507,0.5,14,87
6,8460,0.6,6,1268
11,24655,0.0,9,1680
6,4548,0.7,6,998
14,31580,0.0,12,212
3,323,0.0,3,896
17,38480,0.0,15,2472
17,15133,0.6,15,2159
17,39539,0.0,15,2395
16,64,0.0,14,1310
12,17247,0.0,10,1639
6,2911,0.8,6,1259
1,16498,1.0,1,158
11,21845,0.0,9,1670
12,17895,0.0,10,717
6,6880,0.7,6,689
6,5081,0.0,6,98
12,10447,0.0,10,1861
2,13271,0.0,2,375
1,3972,0.7,1,94
11,1818,0.8,9,888
16,6747,0.0,14,1989
6,8728,0.7,6,1175
11,9355,0.9,9,1656
8,26243,0.0,8,89
4,5521,0.0,4,1017
1,2167,0.0,1,80
3,28907,0.8,3,708
11,8,1.0,9,1615
16,30749,0.0,14,1830
15,38040,0.0,13,2073
6,5163,0.8,6,1177
17,32360,0.8,15,1757
14,11061,1.0,12,120
3,60,0.0,3,887
12,6880,0.0,10,689
14,22199,0.7,12,95
1,19815,0.8,1,145
5,33475,0.0,5,1073
11,973,0.0,9,1684
17,38790,0.0,15,2336
12,4224,0.0,10,182
17,20939,1.0,15,2400
11,21353,0.7,9,1661
6,2787,0.0,6,1002
4,273,0.7,4,956
17,7148,0.8,15,782
6,66,0.0,6,660
17,22961,0.9,15,2259
12,5081,0.0,10,98
7,9617,1.0,7,1523
17,36316,0.0,15,2438
6,11977,0.0,6,1457
17,9181,0.5,15,476
0,4086,0.6,0,31
3,6512,0.7,3,815
17,6979,0.3,15,2449
6,1735,0.0,6,61
4,71,0.8,4,53
2,2251,0.0,2,275
17,13535,0.7,15,665
16,21033,0.0,14,2181
2,10325,0.0,2,443
1,12189,0.0,1,196
16,33206,0.6,14,772
14,31859,0.0,12,349
16,20973,0.5,14,1950
2,31101,0.0,2,271
16,36027,0.4,14,2142
14,22319,0.8,12,250
3,34542,0.8,3,233
16,37450,0.7,14,153
8,30654,0.0,8,1585
1,41487,0.0,1,202
16,37446,0.5,14,2130
2,4360,0.0,2,614
2,9009,0.0,2,511
4,345,0.8,4,926
16,2931,0.0,14,2109
2,10280,0.0,2,615
1,11757,0.5,1,172
12,8769,0.0,10,822
12,16498,1.0,10,158
8,32681,0.0,8,1608
17,12565,0.8,15,2276
2,29786,0.8,2,248
12,33852,0.0,10,1930
16,9181,0.6,14,476
2,2943,0.0,2,385
2,2852,0.0,2,255
3,1195,0.7,3,638
2,30347,0.0,2,481
16,32595,0.0,14,1766
1,41353,0.8,1,180
16,16732,0.0,14,770
16,18001,0.0,14,1889
7,20507,0.0,7,87
2,20,0.9,2,33
6,10721,1.0,6,792
17,25731,0.3,15,1619
8,29758,0.0,8,859
16,37349,0.6,14,113
1,38731,0.8,1,108
8,25835,0.0,8,853
2,21,0.9,2,4
2,4127,0.0,2,570
12,14749,1.0,10,148
14,34662,0.0,12,2006
17,28977,1.0,15,2297
3,27821,0.8,3,700
6,152,0.0,6,1487
2,29916,0.0,2,413
17,34281,0.0,15,2324
2,21751,0.0,2,497
5,31716,0.0,5,902
6,279,0.8,6,1257
1,37779,0.9,1,190
17,35760,0.0,15,160
2,21855,0.0,2,355
12,10456,0.0,10,1918
7,22865,0.0,7,837
17,22663,0.6,15,1832
14,1535,1.0,12,58
6,11883,0.3,6,1274
17,9617,0.7,15,1523
2,38826,0.0,2,174
3,1604,0.0,3,86
6,578,0.8,6,20
17,34240,0.0,15,2149
8,3455,0.0,8,249
8,14741,0.0,8,677
17,10863,0.7,15,578
2,24641,0.0,2,279
17,9750,0.8,15,2337
17,34933,0.0,15,237
1,38691,0.9,1,110
3,10611,0.7,3,833
12,12355,0.0,10,1528
8,28755,0.0,8,104
14,3588,0.8,12,201
17,20533,0.2,15,1973
6,10497,0.9,6,1213
16,31338,0.0,14,1735
4,179,0.6,4,988
15,38408,0.0,13,103
17,30831,0.4,15,130
6,1579,0.2,6,947
6,1412,0.0,6,1452
12,1681,0.0,10,1870
17,23277,0.6,15,840
17,6347,1.0,15,1064
17,16355,0.6,15,2165
17,15037,0.8,15,1077
17,33605,0.0,15,1746
12,11633,0.0,10,217
17,12079,0.5,15,1151
12,74,0.0,10,934
14,11757,0.7,12,172
6,6045,0.0,6,946
11,10719,0.9,9,670
3,28221,0.6,3,699
8,3786,0.0,8,1413
4,4382,0.0,4,1026
16,31442,0.6,14,797
3,3464,0.7,3,766
6,1122,0.5,6,1298
16,35073,0.6,14,513
0,482,0.0,0,73
6,11099,0.8,6,1344
13,2787,0.0,11,1002
11,4262,0.0,9,1668
17,22877,0.7,15,1653
16,357,0.0,14,2164
17,17247,0.6,15,1639
16,30015,0.6,14,835
8,18679,0.0,8,125
12,29758,0.0,10,859
11,23421,0.8,9,1650
2,9588,0.0,2,442
12,75,0.0,10,1959
17,1686,0.0,15,1153
11,21881,0.8,9,173
4,1375,0.0,4,1003
7,934,0.0,7,365
17,5909,0.9,15,845
8,11843,0.0,8,685
11,23945,0.7,9,1644
2,38524,0.0,2,561
6,6877,0.6,6,1300
11,21563,0.7,9,1090
6,1727,0.4,6,1389
6,4021,0.0,6,1025
17,6956,0.6,15,871
15,31964,0.0,13,100
3,24439,0.7,3,764
12,11759,1.0,10,1520
3,2924,0.0,3,890
5,21681,0.0,5,1084
2,37088,0.0,2,317
4,4224,0.9,4,182
17,26243,0.8,15,89
17,40416,0.0,15,2257
16,19221,0.6,14,823
16,5909,0.0,14,845
6,4066,0.8,6,1355
17,17505,0.0,15,2385
17,8630,0.8,15,730
17,21659,0.8,15,2350
12,31559,0.0,10,1827
2,5464,0.0,2,295
5,79,0.8,5,1045
12,20787,0.0,10,666
14,38524,0.9,12,561
16,8086,0.7,14,1542
6,936,0.4,6,137
4,6045,1.0,4,946
17,7193,0.8,15,1394
17,22297,0.6,15,1727
11,1731,0.7,9,1660
17,32869,0.0,15,2360
5,21563,0.0,5,1090
2,17745,0.0,2,397
17,31163,0.0,15,1799
2,6791,0.0,2,404
12,11703,0.0,10,1797
17,11013,0.9,15,1547
12,4181,0.0,10,1014
0,1250,0.7,0,14
12,33421,0.0,10,367
3,8769,0.7,3,822
2,245,0.0,2,54
13,3785,0.0,11,1412
2,31788,0.0,2,321
17,39235,0.0,15,2392
16,232,0.5,14,919
8,28171,0.0,8,161
11,18857,0.9,9,1648
13,3470,0.0,11,977
8,23289,0.0,8,709
15,2363,0.0,13,1290
6,1982,0.7,6,1282
17,30321,1.0,15,2458
12,37078,0.0,10,526
2,36689,0.0,2,438
3,3783,0.8,3,757
14,28297,0.0,12,821
8,7311,0.0,8,1493
12,20053,0.0,10,1776
17,24705,0.4,15,1755
12,18617,0.0,10,1896
2,9756,0.0,2,453
17,32606,0.0,15,2399
6,182,0.0,6,978
6,7769,0.0,6,1041
5,38680,0.9,5,83
4,5680,0.8,4,943
17,6205,0.7,15,763
16,26243,0.6,14,89
6,7024,0.4,6,1214
17,6512,0.7,15,815
2,40010,0.0,2,386
12,11013,0.0,10,1547
17,25013,0.7,15,1707
12,6325,1.0,10,141
12,32083,0.0,10,1821
6,1890,0.6,6,1174
12,20533,0.0,10,1973
17,1735,0.0,15,61
12,30869,0.0,10,1854
4,127,0.7,4,935
17,487,0.4,15,1036
6,150,0.7,6,913
16,18277,0.6,14,857
1,36259,0.6,1,149
12,18001,0.0,10,1889
6,6616,1.0,6,1363
2,39478,0.0,2,560
2,3559,0.0,2,582
17,4535,0.5,15,2240
8,5081,0.6,8,98
4,3549,0.8,4,909
14,26055,0.8,12,236
17,16011,0.8,15,862
17,9330,0.0,15,1881
6,6421,0.0,6,1418
2,38252,0.0,2,293
6,249,0.7,6,1131
12,15565,0.0,10,457
17,38040,0.0,15,2073
2,32409,0.0,2,565
6,431,0.9,6,21
17,35843,0.0,15,2292
15,223,1.0,13,1801
16,9253,0.9,14,168
6,3572,0.0,6,1453
12,910,0.0,10,1901
12,32615,0.0,10,634
3,38186,0.7,3,672
2,39058,0.0,2,465
16,209,0.5,14,901
0,457,0.0,0,32
17,39547,0.0,15,186
4,849,0.8,4,641
3,10396,0.8,3,664
17,22101,0.6,15,1958
11,8792,0.5,9,1640
6,416,1.0,6,1256
15,40496,0.0,13,2077
3,37982,0.7,3,694
12,30123,0.0,10,1785
14,22043,0.7,12,323
2,35028,0.8,2,214
3,16009,0.8,3,753
6,415,0.0,6,49
11,23199,0.9,9,696
2,5651,0.0,2,361
1,40902,0.7,1,162
2,38453,0.0,2,486
11,9471,0.9,9,1612
8,32039,0.0,8,1605
11,479,0.0,9,1704
17,2993,0.7,15,838
17,21273,0.4,15,1897
17,28701,0.9,15,2064
15,903,0.0,13,2052
4,2683,0.7,4,981
17,8536,0.1,15,2168
17,59,0.7,15,924
6,4814,1.0,6,1233
11,12711,0.8,9,1663
6,5681,0.9,6,858
8,28851,0.0,8,129
2,11749,0.0,2,510
17,35712,0.0,15,2163
17,37347,0.0,15,2271
17,16592,0.8,15,684
12,28497,0.0,10,1604
5,19815,0.0,5,145
17,8937,0.0,15,1968
15,37599,0.0,13,2074
12,12413,0.0,10,1907
11,3323,0.6,9,1634
17,24133,0.0,15,1841
12,21573,0.0,10,1953
4,3457,0.9,4,57
6,11915,0.3,6,1365
2,38408,0.0,2,103
3,32182,0.0,3,242
17,21809,0.6,15,2349
14,14349,0.9,12,1995
12,11319,0.0,10,1538
5,1375,0.0,5,1003
7,237,0.0,7,1449
4,2563,0.0,4,1011
2,23233,0.0,2,563
5,7054,0.0,5,750
12,5681,1.0,10,858
4,469,0.6,4,881
2,42603,0.0,2,291
2,35790,0.0,2,586
3,24455,0.7,3,785
12,18897,0.0,10,809
4,190,0.7,4,448
12,34279,0.0,10,1730
17,10686,0.6,15,2390
16,36407,0.0,14,767
5,18897,0.0,5,809
16,15225,0.5,14,729
15,1559,0.0,13,557
14,31240,0.8,12,150
17,36882,0.0,15,2210
6,6922,0.6,6,1191
3,23847,0.8,3,188
16,20853,0.0,14,1545
17,356,0.7,15,15
16,35120,0.0,14,306
12,13331,0.0,10,746
6,54,0.7,6,1142
3,19363,0.9,3,714
12,33926,0.0,10,525
3,5909,0.8,3,845
17,35073,0.0,15,513
12,3667,0.0,10,1491
16,32182,0.6,14,242
16,27655,0.6,14,1787
6,9926,0.9,6,1317
17,8675,0.4,15,847
6,1686,0.7,6,1153
11,19855,0.7,9,1646
6,3737,0.5,6,1358
1,39940,0.7,1,166
6,10197,0.9,6,1280
17,26349,0.8,15,1517
14,21821,0.3,12,1992
17,5680,0.7,15,943
2,31933,0.0,2,205
16,8536,0.0,14,2168
16,35203,0.4,14,1812
2,935,0.0,2,624
17,21353,0.3,15,1661
11,918,0.0,9,345
12,28817,0.0,10,1931
4,16,0.9,4,938
6,2025,0.7,6,302
8,30205,0.0,8,1586
6,934,1.0,6,365
2,3970,0.0,2,556
14,2251,1.0,12,275
16,15451,0.6,14,230
2,12997,0.0,2,522
7,19815,0.8,7,145
17,13403,0.6,15,2335
4,1562,0.8,4,997
3,10790,0.8,3,777
12,20555,0.0,10,1957
17,32615,0.0,15,634
12,31240,0.0,10,150
3,13161,0.7,3,721
16,29803,0.7,14,512
17,15315,1.0,15,796
1,42395,0.0,1,199
2,39085,0.0,2,259
4,146,0.6,4,949
8,19021,0.0,8,1574
6,8339,0.8,6,1235
5,6127,0.2,5,1050
3,28171,0.8,3,161
17,35849,0.0,15,106
6,4450,0.4,6,1169
2,31339,0.0,2,314
6,1352,0.0,6,1408
6,3655,0.0,6,963
17,36027,0.0,15,2142
17,32485,0.9,15,2412
12,10790,0.0,10,777
5,36873,0.7,5,1031
2,26055,0.9,2,236
12,237,1.0,10,1449
6,1543,0.7,6,1367
17,165,0.5,15,1676
6,3457,0.9,6,57
17,6634,1.0,15,1695
0,235,1.0,0,52
17,6702,0.8,15,1
17,32494,0.4,15,2260
8,7054,0.0,8,750
11,21603,0.7,9,1573
12,24231,0.0,10,1625
16,3332,0.5,14,2152
3,17741,0.0,3,882
4,380,0.7,4,931
2,31404,0.0,2,489
3,134,0.0,3,55
16,23309,0.0,14,1938
7,10521,0.9,7,872
0,164,0.8,0,30
3,22729,0.7,3,651
11,22865,0.9,9,837
13,3841,0.0,11,1166
16,5356,0.0,14,674
6,6682,0.7,6,1133
12,30385,0.0,10,619
2,23479,0.0,2,389
11,16011,1.0,9,862
3,17074,0.8,3,474
17,1719,0.8,15,1312
17,15199,0.7,15,2247
17,17389,0.0,15,2352
15,984,0.0,13,2058
17,31430,0.8,15,1845
17,36098,0.8,15,193
5,256,0.8,5,64
3,31845,0.6,3,791
16,10080,0.8,14,752
16,10568,0.0,14,754
2,2188,0.0,2,454
16,6682,0.0,14,1133
1,22,0.9,1,175
17,22043,0.8,15,323
6,1797,0.0,6,1393
2,889,0.0,2,286
6,553,0.9,6,1366
17,23755,1.0,15,243
16,3167,0.0,14,1414
11,18247,0.7,9,1627
12,32214,0.0,10,1742
12,34566,0.0,10,79
16,8424,0.5,14,473
17,9041,0.7,15,741
4,907,0.7,4,967
16,35790,1.0,14,586
0,169,0.7,0,44
16,1557,0.6,14,2150
6,2724,0.7,6,1179
6,8676,0.0,6,1030
5,23277,0.0,5,840
6,1650,0.7,6,1356
12,12017,0.0,10,1502
2,5211,0.0,2,366
17,31553,0.7,15,2241
5,6956,0.0,5,871
17,6682,1.0,15,1133
3,25183,0.7,3,341
5,531,0.0,5,1067
17,120,0.7,15,929
11,5940,0.7,9,1652
6,71,0.7,6,53
11,24415,0.0,9,134
2,34542,0.7,2,233
6,10087,0.0,6,82
15,40540,0.0,13,2084
4,957,0.8,4,972
8,7724,0.0,8,558
2,34795,0.0,2,585
15,34566,0.0,13,79
7,10793,0.8,7,1130
6,820,0.0,6,1426
16,738,0.7,14,1386
5,242,0.0,5,2
17,37210,0.0,15,2131
17,3784,0.7,15,1190
11,11757,0.8,9,172
12,4884,0.0,10,1701
7,10711,0.7,7,827
1,30230,0.8,1,109
17,13333,0.7,15,2467
2,22535,0.8,2,128
5,35839,0.0,5,1114
7,355,0.0,7,975
4,2787,0.0,4,1002
11,15583,1.0,9,687
0,1887,0.0,0,56
5,24765,0.0,5,706
2,5324,0.0,2,629
16,38000,0.8,14,126
16,32407,0.0,14,1717
6,6024,0.0,6,1372
15,34321,0.0,13,2061
12,28223,0.0,10,221
8,38993,0.0,8,1598
2,36933,0.0,2,617
8,27,0.0,8,1507
16,23755,0.0,14,243
14,1726,0.8,12,59
15,41623,0.0,13,2091
12,30296,0.0,10,535
2,40658,0.0,2,252
6,1570,0.0,6,1431
7,16067,0.7,7,798
17,35790,0.8,15,586
17,31710,0.5,15,1721
6,2605,0.8,6,1316
15,37936,0.0,13,2086
14,34626,0.0,12,2011
7,1840,0.8,7,1539
3,4999,0.6,3,659
8,14467,0.0,8,749
2,17543,0.0,2,299
13,30,0.9,11,804
17,10087,1.0,15,82
12,33605,0.0,10,1746
17,15451,1.0,15,230
4,530,0.7,4,912
16,35076,0.0,14,1738
6,6953,0.1,6,1277
8,32983,0.0,8,1599
6,1066,0.0,6,1482
17,4835,0.0,15,2231
16,10079,0.0,14,733
15,40074,0.0,13,2065
6,4182,0.7,6,1180
2,11969,0.0,2,446
17,21431,0.5,15,716
6,237,0.0,6,1449
11,13125,0.0,9,1553
11,14967,0.9,9,671
17,29854,0.0,15,2085
16,10790,0.7,14,777
7,23673,0.0,7,1104
17,479,0.0,15,1704
8,12189,0.0,8,196
17,19685,0.7,15,1632
3,14813,0.8,3,185
17,23209,0.7,15,2451
17,28979,0.5,15,592
6,4565,0.0,6,1496
16,27821,0.0,14,700
6,3972,0.0,6,94
2,4224,0.0,2,182
17,3457,0.8,15,57
12,30736,0.0,10,1835
12,4437,1.0,10,140
13,2904,0.0,11,220
3,16742,0.7,3,870
2,21097,0.0,2,503
11,15051,0.9,9,1637
4,2026,0.0,4,727
6,12883,0.0,6,1509
16,34321,0.5,14,2061
17,7465,0.8,15,1803
6,5114,1.0,6,63
17,33433,0.6,15,1769
2,71,0.8,2,53
4,2105,0.7,4,982
2,29575,0.8,2,240
11,18507,0.9,9,1417
4,145,0.8,4,944
0,5114,0.0,0,63
12,21177,0.0,10,1645
17,20785,0.8,15,1525
12,1313,1.0,10,1182
12,1988,0.0,10,1902
12,457,0.0,10,32
8,14713,0.6,8,880
17,32122,0.8,15,2299
8,27601,0.0,8,1588
7,18897,0.7,7,809
6,442,0.7,6,136
5,134,0.9,5,55
1,33486,0.8,1,101
16,19315,0.0,14,1937
2,35581,0.8,2,244
2,6590,0.0,2,455
17,28497,0.5,15,1604
17,27899,0.6,15,1554
12,17651,0.0,10,1591
3,5204,0.7,3,760
11,28497,1.0,9,1604
3,2963,0.7,3,795
7,249,0.0,7,1131
17,19815,0.9,15,145
12,31580,0.0,10,212
6,9598,0.7,6,1203
3,12189,0.8,3,196
2,790,0.0,2,319
1,24415,0.7,1,134
2,9849,0.0,2,265
6,451,0.7,6,1227
3,13663,0.7,3,591
2,30243,0.0,2,340
3,30276,0.8,3,146
6,8129,0.0,6,1094
16,32937,0.7,14,131
3,14741,0.8,3,677
13,2034,0.9,11,29
17,20853,0.5,15,1545
11,6500,0.0,9,550
17,15417,0.8,15,2289
11,20787,0.9,9,666
17,33988,0.0,15,690
17,16385,0.6,15,1723
12,21405,0.0,10,1071
5,1293,0.0,5,1120
7,7088,0.7,7,734
17,32282,0.7,15,163
17,39030,0.0,15,2318
12,1818,0.0,10,888
6,908,0.6,6,1195
4,136,0.6,4,1004
13,2685,0.0,11,986
14,9989,0.9,12,75
16,2025,0.0,14,302
17,10308,0.6,15,2433
1,35849,0.6,1,106
17,11933,0.9,15,1753
11,164,0.7,9,30
6,16592,0.0,6,684
0,1535,0.0,0,58
1,24833,0.0,1,76
3,71,0.7,3,53
2,7053,0.0,2,327
17,24459,0.5,15,1844
3,23199,0.8,3,696
17,3089,0.4,15,2471
17,1525,0.1,15,1288
17,36828,0.0,15,2239
17,23133,0.7,15,1923
16,1250,0.0,14,14
17,38843,0.0,15,2444
6,4792,0.6,6,1306
1,38883,0.8,1,117
17,14527,0.6,15,1927
12,13125,0.0,10,1553
16,68,0.7,14,11
3,8424,0.7,3,473
1,11061,0.9,1,120
7,13125,0.0,7,1553
6,3485,0.7,6,1251
5,199,0.9,5,43
16,30016,0.0,14,1583
17,7791,0.7,15,1020
14,4565,0.0,12,1496
4,3091,0.9,4,995
15,40595,0.0,13,2071
16,19769,0.0,14,1643
7,1222,0.0,7,915
2,37281,0.0,2,395
8,16870,0.0,8,181
16,6201,0.0,14,828
3,31953,0.8,3,806
11,6347,0.9,9,1064
7,18139,0.0,7,864
17,21561,0.8,15,1945
5,19383,0.0,5,1124
15,31933,0.0,13,205
6,6505,0.9,6,1343
6,121,1.0,6,16
5,66,0.9,5,660
16,5355,0.0,14,1480
17,11771,1.0,15,132
7,18497,0.0,7,1557
14,24231,0.8,12,1625
2,36456,0.0,2,102
12,9934,0.0,10,1933
6,76,0.0,6,1456
7,20785,0.8,7,1525
14,10620,0.6,12,241
12,1604,0.0,10,86
6,8408,0.9,6,1187
6,3784,0.8,6,1190
3,16011,0.7,3,862
12,19855,0.0,10,1646
12,14833,0.0,10,1526
17,20543,0.5,15,2226
6,3962,0.7,6,1168
5,6287,0.6,5,1029
6,8934,0.0,6,1489
8,25183,0.0,8,341
12,32023,0.0,10,1714
4,3615,0.0,4,1023
16,34612,0.0,14,2180
15,29854,0.0,13,2085
2,37474,0.0,2,373
15,502,1.0,13,2038
0,2104,0.0,0,6
3,3467,0.7,3,811
6,391,0.6,6,1332
2,37224,0.0,2,392
5,16918,0.0,5,713
2,30898,0.0,2,613
6,7079,0.0,6,1470
17,20541,0.8,15,794
6,405,0.0,6,1399
17,38663,0.0,15,2191
17,30016,0.0,15,1583
8,28979,0.0,8,592
11,1281,0.0,9,1424
15,35333,0.0,13,2068
7,19221,0.7,7,823
6,11237,0.0,6,1435
17,39026,0.0,15,2270
15,482,0.7,13,73
12,35203,0.0,10,1812
1,39547,0.9,1,186
6,4181,0.9,6,1014
7,849,0.0,7,641
4,6637,0.0,4,1019
11,20709,0.7,9,839
6,5526,0.6,6,1305
17,8086,0.7,15,1542
12,22123,0.0,10,1905
12,4415,0.0,10,1777
17,22835,1.0,15,2328
17,7662,0.7,15,2443
17,5940,0.5,15,1652
4,158,0.6,4,957
6,11689,0.3,6,1162
2,6893,0.0,2,246
11,22319,1.0,9,250
11,3901,0.9,9,1150
8,13659,0.0,8,1601
5,20031,0.0,5,679
11,4725,0.6,9,704
2,24,0.0,2,5
17,20689,0.7,15,1624
6,585,0.0,6,960
2,13057,0.0,2,519
5,37105,0.8,5,1037
16,20689,0.0,14,1624
7,5682,0.0,7,521
5,37999,0.0,5,122
12,27613,0.0,10,1767
2,35512,0.0,2,371
17,6922,0.7,15,1191
4,1571,0.9,4,19
2,14719,0.9,2,234
2,9721,0.0,2,261
17,40028,0.0,15,91
2,29261,0.0,2,344
16,1604,0.8,14,86
17,40748,0.0,15,85
17,13601,0.9,15,831
8,5530,0.0,8,966
17,6594,0.7,15,1541
16,35248,0.0,14,2095
17,37491,0.0,15,2294
17,587,0.7,15,1016
6,3092,1.0,6,1232
17,37450,0.0,15,153
5,4896,0.0,5,1118
3,849,0.8,3,641
16,10213,0.0,14,787
11,12049,0.0,9,1681
1,42205,0.0,1,200
16,34451,0.0,14,765
5,532,0.0,5,1068
2,40839,0.0,2,401
17,6676,1.0,15,2216
16,13367,0.0,14,776
3,13601,0.9,3,831
15,32105,0.0,13,1115
2,38032,0.0,2,590
11,20785,0.7,9,1525
16,13663,0.5,14,591
8,13807,0.0,8,1582
6,2882,0.3,6,1383
11,11763,0.7,9,1654
17,30778,0.0,15,2275
14,18153,0.8,12,781
2,11617,0.0,2,364
6,283,0.0,6,1059
16,3594,0.6,14,1333
11,28121,0.8,9,1621
14,967,0.0,12,2007
12,5781,0.0,10,742
17,1829,0.7,15,18
17,30727,0.0,15,841
16,1679,0.3,14,2129
17,31297,0.0,15,1578
12,31223,0.0,10,1756
16,16009,0.0,14,753
17,21327,0.8,15,1572
17,6547,1.0,15,96
16,25283,0.0,14,1819
2,37360,0.0,2,383
12,21995,0.0,10,1061
14,31163,0.0,12,1799
5,32729,0.0,5,899
6,12015,0.0,6,1501
12,37932,0.0,10,1829
4,155,0.5,4,993
14,32370,0.0,12,889
6,4059,0.9,6,1173
17,24655,0.8,15,1680
17,3655,0.6,15,963
1,31964,0.9,1,100
12,24459,0.0,10,1844
12,14283,1.0,10,1847
5,4224,0.9,5,182
13,1810,0.8,11,1258
15,40852,0.0,13,81
11,21431,0.9,9,716
17,28223,1.0,15,221
12,31964,1.0,10,100
14,3342,0.7,12,895
13,47,0.7,11,650
12,14829,0.0,10,1886
6,11073,0.6,6,1291
17,32281,0.0,15,127
0,67,0.9,0,0
6,43,0.9,6,779
17,37446,0.0,15,2130
17,33985,0.5,15,1713
5,3225,0.0,5,1100
15,40906,0.0,13,2020
14,40028,0.0,12,91
8,20047,0.0,8,1110
7,11759,0.7,7,1520
17,14131,0.7,15,1895
2,38883,0.0,2,117
17,39063,0.0,15,2273
3,759,0.0,3,907
11,6746,1.0,9,695
8,32182,0.0,8,242
3,11785,0.7,3,722
6,3785,0.0,6,1412
11,6634,0.0,9,1695
6,9911,0.6,6,1225
17,31737,0.7,15,1805
3,29095,0.8,3,720
6,572,0.7,6,1239
12,4798,0.0,10,1883
6,12685,0.0,6,1405
17,41120,0.0,15,2277
2,28779,0.0,2,339
12,24893,0.0,10,1606
16,32542,0.7,14,843
8,17549,0.0,8,1600
15,41587,0.0,13,194
14,2001,0.9,12,1334
6,11111,0.0,6,655
12,22147,0.0,10,653
12,34104,0.0,10,1816
11,8516,0.8,9,1611
3,4282,0.8,3,759
16,32867,0.0,14,1795
12,17681,0.0,10,1974
2,20849,0.0,2,500
4,1043,0.7,4,979
4,7054,0.0,4,750
17,8424,1.0,15,473
16,22663,0.0,14,1832
0,2236,1.0,0,48
12,33041,0.0,10,1872
2,34963,0.0,2,633
2,22687,0.0,2,588
16,3655,0.0,14,963
12,14527,0.0,10,1927
14,23281,0.9,12,2000
3,1519,0.9,3,667
6,2964,0.7,6,1157
17,2025,1.0,15,302
7,245,0.0,7,54
6,687,0.0,6,1504
3,5205,1.0,3,761
3,31043,0.7,3,99
6,528,0.7,6,1292
1,40028,1.0,1,91
12,21681,0.0,10,1084
16,14515,0.5,14,2148
17,6030,0.0,15,1750
17,38003,0.0,15,2236
6,1535,0.7,6,58
16,8630,0.0,14,730
17,13807,0.6,15,1582
3,9989,0.8,3,75
12,11375,1.0,10,1783
12,28249,0.0,10,1789
11,5112,0.4,9,1028
6,859,0.0,6,1374
17,23673,0.6,15,1104
17,18277,1.0,15,857
17,16890,0.4,15,2377
4,5630,0.8,4,363
17,40595,0.0,15,2071
17,36039,0.0,15,2196
17,37306,0.0,15,2344
17,8525,1.0,15,751
2,7456,0.0,2,308
4,2704,0.7,4,1001
17,40530,0.0,15,2187
6,1496,0.5,6,1197
17,30503,0.8,15,813
2,32423,0.0,2,524
1,9989,0.0,1,75
6,1223,0.9,6,1136
16,189,0.6,14,239
17,20457,0.4,15,1546
15,38536,0.0,13,2069
17,33581,0.0,15,2480
6,2050,0.0,6,1437
1,32281,1.0,1,127
1,11577,1.0,1,170
16,21561,0.6,14,1945
17,16904,1.0,15,2132
12,3455,0.0,10,249
17,30514,0.5,15,2394
6,9563,0.0,6,1433
7,2034,0.0,7,29
12,10218,0.0,10,1791
11,263,0.9,9,226
2,6500,0.0,2,550
17,25183,0.5,15,341
0,3010,0.7,0,25
2,31711,0.0,2,594
17,15039,0.0,15,2204
17,10447,0.6,15,1861
17,28791,0.8,15,1808
1,36949,0.8,1,165
6,2235,0.8,6,1269
2,33322,0.0,2,390
2,25667,0.0,2,294
12,22865,0.0,10,837
6,11869,0.6,6,1156
2,21001,0.0,2,305
13,2236,0.9,11,48
11,19653,0.0,9,1691
4,61,0.7,4,925
2,3121,0.0,2,428
3,22147,0.8,3,653
16,33674,0.8,14,2017
3,6500,0.6,3,550
17,35248,0.0,15,2095
12,9367,0.0,10,703
17,269,0.8,15,51
6,60,0.6,6,887
5,5112,1.0,5,1028
8,9989,0.0,8,75
6,177,0.0,6,69
17,30736,0.0,15,1835
6,2966,0.0,6,1469
5,2167,0.0,5,80
12,19363,0.0,10,714
17,12053,0.7,15,2380
2,5667,0.0,2,596
16,14199,0.0,14,819
12,18119,0.0,10,851
12,28211,0.0,10,1810
12,32979,0.0,10,1888
16,846,0.7,14,545
8,10408,0.9,8,1571
12,6707,0.0,10,1917
2,10620,0.8,2,241
12,935,0.0,10,624
17,38524,0.0,15,561
8,30276,0.0,8,146
16,34102,0.0,14,2112
16,31043,0.7,14,99
16,14765,0.5,14,1736
16,249,0.7,14,1131
5,9989,0.0,5,75
17,10075,0.7,15,2389
17,15699,0.8,15,2313
12,32595,0.0,10,1766
6,597,0.8,6,37
7,8407,0.5,7,856
17,9379,1.0,15,692
6,785,0.0,6,1472
16,24231,0.0,14,1625
16,25157,0.5,14,604
12,25157,0.0,10,604
0,272,0.0,0,67
17,41694,0.0,15,2186
7,877,0.0,7,66
2,35446,0.0,2,208
2,12293,0.0,2,296
7,11433,0.9,7,654
12,5671,0.0,10,1946
17,34547,0.0,15,1768
3,32648,0.8,3,724
5,8676,0.5,5,1030
12,21067,0.0,10,1963
1,21,0.9,1,4
17,2924,0.6,15,890
17,761,0.6,15,35
12,8246,1.0,10,142
2,1401,0.0,2,284
7,12883,0.0,7,1509
17,11785,0.7,15,722
12,10800,0.0,10,1075
15,341,0.6,13,2083
17,18153,0.7,15,781
17,35076,0.0,15,1738
17,35972,0.0,15,324
14,67,0.0,12,0
4,1029,0.7,4,965
2,40776,0.0,2,118
8,36098,0.0,8,193
7,5030,0.0,7,958
12,34176,0.0,10,1851
17,384,0.2,15,1682
12,31163,0.0,10,1799
5,14227,0.0,5,863
6,1527,0.4,6,1307
16,14719,0.5,14,234
4,123,1.0,4,930
17,34881,0.0,15,647
6,831,0.0,6,923
5,36266,0.0,5,1097
12,25731,0.0,10,1619
3,10464,0.8,3,846
2,3455,0.8,2,249
6,2404,0.7,6,1370
5,1219,0.0,5,1076
17,9863,0.9,15,854
3,31741,0.8,3,786
16,204,0.0,14,2185
17,22789,0.8,15,663
1,10087,0.7,1,82
17,4224,1.0,15,182
8,227,0.0,8,701
12,6030,0.0,10,1750
16,33082,0.7,14,2136
2,7724,0.0,2,558
16,11597,0.6,14,490
17,12413,0.9,15,1907
2,19951,0.0,2,376
17,37349,0.0,15,113
6,2369,0.0,6,970
17,237,0.0,15,1449
16,31772,0.6,14,2140
17,4186,0.5,15,1796
6,6553,0.8,6,1234
14,36480,0.0,12,2005
3,185,0.7,3,737
2,190,0.0,2,448
1,20,1.0,1,33
5,20709,0.0,5,839
16,27631,0.6,14,1729
7,3088,0.0,7,1555
4,4081,0.5,4,801
11,9745,0.0,9,1694
6,6347,0.0,6,1064
11,27,0.0,9,1507
2,12959,0.0,2,496
12,13599,0.0,10,1941
7,15315,0.8,7,796
3,26243,0.7,3,89
16,174,0.0,14,46
2,39535,0.0,2,478
6,240,0.0,6,710
12,8841,0.0,10,433
17,40230,0.0,15,2330
16,32615,0.7,14,634
6,273,0.4,6,956
2,10863,0.0,2,578
17,25777,0.0,15,159
3,2993,0.7,3,838
17,37520,0.7,15,312
17,2951,0.6,15,2295
6,979,0.6,6,1326
17,37304,0.0,15,2343
11,21405,1.0,9,1071
1,14749,0.7,1,148
11,68,0.0,9,11
12,13667,1.0,10,144
4,1535,1.0,4,58
12,19815,0.0,10,145
17,31339,0.0,15,314
2,25397,0.0,2,254
3,11597,0.8,3,490
17,39017,0.0,15,2365
8,15583,0.0,8,687
14,16067,0.0,12,798
11,5114,1.0,9,63
17,37799,0.0,15,2477
3,14199,0.6,3,819
16,177,0.6,14,69
17,2418,0.7,15,579
6,10622,0.8,6,1339
17,33095,0.0,15,2448
17,3958,0.5,15,755
11,25,0.0,9,906
12,18115,0.0,10,1641
3,2104,0.8,3,6
12,9656,0.0,10,1039
17,14227,0.5,15,863
12,4752,0.0,10,990
17,30749,0.6,15,1830
3,20847,0.8,3,848
11,22043,0.0,9,323
12,31737,0.0,10,1805
12,1543,0.0,10,1367
17,33421,0.7,15,367
16,1689,0.7,14,12
16,29758,0.5,14,859
6,7597,0.8,6,1159
5,14289,0.0,5,1116
2,189,0.8,2,239
11,18153,1.0,9,781
3,27787,0.7,3,810
12,15051,0.0,10,1637
17,11741,1.0,15,326
2,7661,0.8,2,225
16,19369,0.0,14,1649
6,5454,0.0,6,1381
17,12783,0.9,15,2452
17,21843,0.6,15,1535
3,36038,0.7,3,805
11,14345,0.8,9,673
2,32182,0.9,2,242
2,25157,0.0,2,604
17,40010,0.0,15,386
6,1827,0.0,6,1478
12,240,0.0,10,710
4,1914,0.8,4,973
17,18119,0.7,15,851
17,4752,0.9,15,990
17,4581,0.5,15,2001
16,34542,0.0,14,233
8,23237,0.0,8,1565
12,782,0.0,10,1891
6,1033,0.0,6,1481
2,1559,0.0,2,557
11,19769,0.7,9,1643
17,40486,0.0,15,2457
6,2611,0.0,6,1473
6,1121,0.6,6,1297
11,6581,0.7,9,1657
2,20899,0.9,2,235
3,36220,0.8,3,743
17,27833,0.4,15,1884
5,2890,0.9,5,1034
4,435,0.8,4,954
6,3354,0.0,6,1516
2,30891,0.0,2,504
17,37675,0.0,15,2143
2,30831,0.0,2,130
5,34403,0.0,5,354
17,40359,0.0,15,2332
0,4722,0.8,0,7
14,20853,0.8,12,1545
14,5039,0.0,12,2013
6,7059,0.7,6,1152
16,4063,0.0,14,849
6,3167,0.0,6,1414
3,2025,0.7,3,302
3,25157,0.7,3,604
17,41619,0.0,15,2190
16,881,0.3,14,2128
7,5114,1.0,7,63
5,9875,0.0,5,1060
6,1028,0.0,6,1396
12,21561,0.0,10,1945
2,6465,0.0,2,398
3,33206,0.8,3,772
17,2772,0.0,15,2339
3,9379,0.7,3,692
6,918,0.0,6,345
15,34572,0.0,13,78
17,33286,0.0,15,904
3,31952,0.7,3,775
11,8074,0.8,9,231
4,2035,0.9,4,927
12,1380,0.0,10,1868
2,3478,0.0,2,477
17,40485,0.0,15,2193
14,18277,0.6,12,857
17,2156,0.1,15,2222
6,1958,0.7,6,1364
2,9327,0.0,2,555
2,24271,0.0,2,516
17,37510,0.0,15,1824
12,10080,0.0,10,752
2,35120,0.0,2,306
17,40332,0.0,15,2364
12,4382,0.0,10,1026
2,7730,0.0,2,387
6,721,0.0,6,1106
17,17827,0.6,15,2253
11,9734,0.7,9,1630
7,12189,0.0,7,196
6,6984,0.8,6,1217
8,9919,0.0,8,97
11,6280,0.4,9,1617
6,850,0.9,6,1198
3,32951,0.7,3,836
17,13357,0.9,15,2327
2,19,0.0,2,65
1,9253,1.0,1,168
15,4437,0.0,13,140
11,1707,0.0,9,1689
17,30544,0.7,15,1804
2,14127,0.0,2,518
16,31737,0.7,14,1805
16,31339,0.7,14,314
13,143,0.0,11,1238
13,4177,0.0,11,1160
12,33985,0.0,10,1713
8,2476,0.0,8,1534
11,19117,0.0,9,1703
17,21177,0.7,15,1645
2,25183,0.0,2,341
3,28387,0.7,3,748
6,2488,0.0,6,1463
2,33231,0.0,2,329
17,10216,0.9,15,1514
17,6787,0.2,15,2306
4,476,0.7,4,937
17,9917,0.1,15,2410
16,7593,0.0,14,207
5,3616,0.0,5,1089
8,21647,0.0,8,1576
17,38297,0.0,15,2378
17,13863,0.6,15,2211
12,962,0.0,10,1010
17,40902,0.0,15,162
4,743,0.7,4,989
12,31318,0.0,10,1718
12,33026,0.0,10,1771
6,10110,0.0,6,463
11,14027,0.8,9,1614
12,31442,0.0,10,797
17,32245,0.8,15,1818
6,11679,0.3,6,1165
3,3229,0.7,3,769
11,3791,0.9,9,1610
17,39576,0.0,15,2066
5,325,0.8,5,1042
11,1575,1.0,9,105
3,18,0.8,3,738
12,1138,0.0,10,1928
2,40080,0.0,2,527
1,42938,0.0,1,195
6,2842,0.5,6,1289
7,11981,0.9,7,1262
3,10110,0.7,3,463
2,39940,0.0,2,166
17,3588,0.9,15,201
7,102,0.7,7,1521
1,199,1.0,1,43
13,1576,0.8,11,1976
17,28735,0.0,15,2447
17,37965,0.0,15,124
2,35760,0.0,2,160
17,9919,0.9,15,97
6,10067,0.8,6,1137
2,32833,0.0,2,493
14,3230,0.0,12,1882
17,4898,0.8,15,3
17,35928,0.0,15,2263
12,22099,0.0,10,1898
12,1943,0.0,10,1283
15,37345,0.0,13,2081
17,24833,0.8,15,76
6,10870,0.0,6,1448
2,2418,0.0,2,579
12,18465,0.0,10,712
2,16474,0.0,2,577
16,28391,0.0,14,1788
16,152,0.7,14,1487
7,16353,0.0,7,1096
11,14813,0.8,9,185
16,30544,0.7,14,1804
16,503,0.2,14,2124
15,40221,0.0,13,123
3,12467,0.7,3,803
2,17157,0.0,2,492
16,9379,0.5,14,692
6,8795,0.0,6,517
7,6007,0.9,7,1530
6,2926,0.0,6,962
6,2363,0.7,6,1290
15,40456,0.0,13,192
17,9745,1.0,15,1694
7,1453,0.0,7,1550
17,29095,0.8,15,720
17,40221,0.0,15,123
17,39326,0.0,15,2347
17,37521,0.0,15,183
3,7088,0.7,3,734
2,517,0.0,2,547
8,23273,0.7,8,156
17,40059,0.0,15,2305
11,23847,0.8,9,188
17,30925,0.3,15,2285
6,1566,0.9,6,1247
17,12049,0.8,15,1681
15,40010,0.0,13,386
17,23847,0.7,15,188
4,104,0.8,4,911
6,47,0.0,6,650
17,5355,1.0,15,1480
5,6166,0.0,5,658
12,4898,0.0,10,3
17,30015,0.7,15,835
6,387,0.0,6,1430
17,3230,0.6,15,1882
3,10521,0.7,3,872
17,30740,0.0,15,1779
5,1852,0.0,5,1085
2,31758,0.0,2,424
15,34662,0.0,13,2006
6,2201,0.5,6,1299
16,9331,0.0,14,1369
17,18001,0.4,15,1889
12,26243,0.0,10,89
11,6956,1.0,9,871
17,28121,0.8,15,1621
5,210,0.0,5,1107
3,2251,0.9,3,275
16,3407,0.0,14,2162
12,7647,0.0,10,657
3,14807,0.9,3,762
4,4477,0.9,4,964
3,2418,0.8,3,579
5,8525,0.0,5,751
2,11321,0.0,2,487
4,124,0.7,4,933
4,334,0.8,4,959
17,11111,0.8,15,655
12,873,1.0,10,1781
8,25681,0.0,8,1597
16,6802,0.0,14,1658
0,1726,0.0,0,59
12,20021,1.0,10,1536
6,1303,0.0,6,1498
12,9074,0.0,10,1862
17,36511,0.0,15,2476
4,1689,1.0,4,12
16,793,0.6,14,2154
17,31223,0.6,15,1756
11,269,0.9,9,51
3,6324,0.6,3,818
4,232,0.9,4,919
1,37430,0.8,1,179
12,38000,0.0,10,126
7,256,0.0,7,64
8,1889,0.0,8,1219
17,4382,0.5,15,1026
7,11597,0.7,7,490
12,1559,0.0,10,557
17,29513,0.6,15,2200
16,24133,0.0,14,1841
2,5762,0.7,2,211
14,19815,0.9,12,145
6,3667,0.0,6,1491
12,12487,0.0,10,1919
17,21511,0.8,15,1633
5,823,0.0,5,1122
8,28297,0.0,8,821
2,1389,0.0,2,631
4,191,0.7,4,951
17,4726,0.7,15,1802
12,12149,0.0,10,1857
6,2832,0.0,6,1392
12,30749,0.0,10,1830
3,57,0.0,3,886
17,514,0.7,15,1178
8,18661,0.0,8,1595
2,36225,0.0,2,278
8,16417,0.0,8,1607
6,9919,0.0,6,97
3,12365,0.0,3,885
8,39533,0.0,8,1568
17,15197,0.8,15,2246
6,157,0.0,6,1378
12,19365,0.0,10,1948
12,19769,0.0,10,1643
12,14941,0.0,10,1858
13,2605,0.0,11,1316
14,21881,0.4,12,173
17,777,0.0,15,359
6,8178,0.7,6,1193
6,879,0.0,6,1486
2,7411,0.0,2,400
11,22877,0.8,9,1653
11,60,0.0,9,887
17,19023,0.5,15,1848
11,22,0.0,9,175
2,10779,0.0,2,322
8,199,0.0,8,43
4,7103,0.7,4,961
16,17074,0.0,14,474
8,28223,0.0,8,221
6,2617,0.0,6,1425
3,877,0.0,3,66
0,2762,0.9,0,22
7,14741,0.0,7,677
6,1709,0.6,6,1301
12,33475,0.0,10,1073
17,19221,1.0,15,823
12,22535,0.0,10,128
17,37403,0.0,15,74
11,17641,0.8,9,1620
2,2868,0.0,2,412
4,4744,0.5,4,649
1,20507,0.0,1,87
17,30782,0.2,15,1864
12,31845,0.0,10,791
2,9253,0.9,2,168
2,32686,0.0,2,414
1,41488,0.0,1,203
15,32380,0.0,13,2072
5,853,0.0,5,68
2,33486,0.9,2,101
12,18495,0.0,10,1915
2,38470,0.0,2,543
17,11061,0.0,15,120
8,6064,0.0,8,1220
17,32998,0.9,15,644
8,13663,0.0,8,591
2,3995,0.0,2,598
17,39799,0.0,15,2484
8,4654,0.0,8,861
17,1565,0.1,15,1388
13,1210,0.6,11,1101
11,4719,0.5,9,532
15,897,0.0,13,2046
3,33988,0.8,3,690
14,39491,0.0,12,2018
15,2520,0.0,13,2042
17,11761,1.0,15,793
13,4021,0.0,11,1025
17,169,0.6,15,44
2,37521,0.0,2,183
13,3613,0.0,11,1975
12,32867,0.0,10,1795
8,31798,0.0,8,771
14,28791,0.8,12,1808
6,449,0.0,6,1441
2,2841,0.0,2,435
6,5118,0.9,6,1329
8,38408,0.0,8,103
17,10578,0.9,15,675
11,2904,1.0,9,220
3,3702,0.8,3,693
2,19103,0.0,2,468
2,16189,0.0,2,469
12,10589,1.0,10,143
16,10456,0.0,14,1918
11,853,0.9,9,68
8,20507,0.0,8,87
15,37576,0.0,13,2076
17,29785,0.9,15,745
16,24781,0.0,14,2173
12,164,0.0,10,30
6,7902,0.8,6,1194
6,12503,0.0,6,1464
2,37430,0.0,2,179
12,20853,0.0,10,1545
14,30736,0.0,12,1835
2,16638,0.0,2,328
12,28423,0.0,10,1744
1,20583,0.8,1,114
17,13331,0.9,15,746
12,16035,0.0,10,1911
8,5060,0.0,8,1209
17,21185,0.7,15,2219
6,323,0.9,6,896
12,17082,0.0,10,1852
3,31240,0.9,3,150
17,5342,1.0,15,2215
17,16524,0.9,15,905
15,5152,0.0,13,2059
17,23233,0.7,15,563
11,8675,0.8,9,847
17,19653,0.0,15,1691
17,38668,0.0,15,1991
8,16498,0.0,8,158
12,15315,0.0,10,796
7,2476,0.7,7,1534
17,3167,0.0,15,1414
3,11843,0.8,3,685
5,104,0.0,5,911
17,10110,0.9,15,463
17,37202,0.0,15,2418
5,10495,0.0,5,1127
5,241,0.9,5,1035
16,74,0.5,14,934
2,22429,0.0,2,388
6,8800,0.8,6,1320
2,2134,0.0,2,325
12,20033,0.0,10,1748
2,368,0.8,2,216
17,17535,0.8,15,2274
17,857,0.4,15,260
17,11617,1.0,15,364
2,11077,0.0,2,360
7,1530,0.0,7,1444
1,1604,0.0,1,86
3,37497,0.9,3,121
3,14713,0.0,3,880
17,31765,0.0,15,2460
13,861,1.0,11,994
12,22729,0.0,10,651
13,2129,0.0,11,866
16,6030,0.0,14,1750
3,8525,0.8,3,751
1,34572,0.0,1,78
8,10497,0.0,8,1213
17,19111,0.5,15,1638
16,28999,0.7,14,676
12,6682,0.0,10,1133
12,2593,0.0,10,640
8,5958,0.0,8,855
12,411,0.0,10,1731
17,24781,1.0,15,2173
16,8861,0.6,14,2156
15,813,0.0,13,1673
8,31,0.8,8,1468
2,24273,0.0,2,377
2,20583,0.0,2,114
17,39491,0.0,15,2018
17,42203,0.0,15,90
1,36456,0.8,1,102
12,15883,0.0,10,1885
12,18277,0.0,10,857
6,4224,0.0,6,182
6,1657,0.4,6,1161
14,16592,0.4,12,684
12,32245,0.0,10,1818
12,28999,0.0,10,676
17,35994,0.0,15,2432
6,554,0.3,6,1252
16,20031,0.6,14,679
6,6748,0.7,6,1368
17,31722,0.3,15,483
16,32380,0.6,14,2072
6,68,0.0,6,11
11,9617,0.8,9,1523
6,10278,0.0,6,1500
2,36720,0.0,2,635
11,4224,1.0,9,182
14,4581,0.5,12,2001
2,8111,0.0,2,444
2,18679,0.0,2,125
12,6802,0.0,10,1658
17,241,0.5,15,1035
1,35788,0.8,1,164
12,20541,0.0,10,794
17,6500,0.8,15,550
12,32301,0.0,10,1706
14,28223,0.9,12,221
12,16157,0.0,10,1618
8,24439,0.0,8,764
7,8675,0.0,7,847
3,21863,0.7,3,788
6,2251,0.9,6,275
17,11285,0.3,15,1987
3,7674,0.8,3,77
11,11759,0.7,9,1520
11,28677,0.9,9,875
17,38671,0.0,15,111
17,14373,0.0,15,2208
4,587,0.0,4,1016
2,1360,0.0,2,456
12,32981,0.0,10,1733
16,6500,0.4,14,550
14,30806,0.4,12,1949
6,256,0.9,6,64
14,6702,0.7,12,1
8,31636,0.0,8,1579
12,35849,0.0,10,106
12,4063,0.0,10,849
7,11757,0.8,7,172
3,12549,0.7,3,680
17,21507,0.4,15,1659
17,30363,0.5,15,564
2,14659,0.0,2,374
1,37259,0.8,1,119
17,8888,0.8,15,1404
12,26441,0.0,10,1737
3,6574,0.8,3,723
5,10162,0.0,5,1121
5,4015,0.0,5,546
8,16934,0.0,8,1567
6,486,0.9,6,893
6,8297,0.5,6,1286
6,9706,0.0,6,1401
17,15751,0.7,15,2436
2,265,0.0,2,352
11,10897,0.7,9,1613
3,11887,0.8,3,774
17,20449,0.7,15,1609
16,1293,0.0,14,1120
5,334,0.0,5,959
12,28755,0.0,10,104
17,5039,0.0,15,2013
8,31229,0.0,8,1559
3,4063,0.7,3,849
2,12961,0.0,2,408
16,9330,0.0,14,1881
4,694,0.5,4,918
6,6,0.0,6,1506
17,18411,0.5,15,2287
2,7458,0.0,2,623
11,23233,0.7,9,563
2,6194,0.0,2,580
11,8769,1.0,9,822
6,343,0.0,6,1508
12,8426,0.0,10,1904
12,20507,0.0,10,87
15,900,0.0,13,2049
16,3467,0.0,14,811
17,64,0.7,15,1310
17,34620,0.0,15,2356
6,457,0.0,6,32
2,17729,0.0,2,347
11,11633,0.0,9,217
13,2026,0.0,11,727
12,513,0.0,10,1047
3,9041,0.7,3,741
2,15689,0.0,2,488
1,42203,0.9,1,90
17,30276,0.0,15,146
7,21995,0.8,7,1061
12,9331,0.0,10,1369
17,31821,0.6,15,1790
17,4618,0.4,15,2425
11,5306,0.0,9,1700
6,3420,0.8,6,1322
3,486,0.0,3,893
6,202,0.0,6,71
11,4884,0.0,9,1701
12,15613,0.0,10,1809
2,1575,0.9,2,105
16,28979,0.6,14,592
17,34662,0.0,15,2006
4,585,0.9,4,960
6,61,0.0,6,925
17,5356,0.7,15,674
1,154,0.8,1,155
16,160,0.0,14,2172
17,27775,0.7,15,1603
14,205,0.0,12,844
15,22297,0.0,13,1727
13,3088,0.9,11,1555
16,12581,0.4,14,2119
16,3958,0.0,14,755
6,790,0.0,6,319
12,20047,0.0,10,1110
16,28623,0.6,14,1817
6,6535,0.4,6,1135
17,10067,0.0,15,1137
17,40074,0.0,15,2065
15,41834,0.0,13,2024
17,14467,1.0,15,749
17,10589,0.7,15,143
12,37510,0.0,10,1824
6,2889,0.7,6,1154
2,3918,0.0,2,539
0,2543,0.7,0,41
2,25923,0.0,2,506
15,905,0.0,13,2054
12,22817,0.0,10,1913
2,32872,0.7,2,223
5,3503,0.0,5,402
17,41353,0.0,15,180
17,32887,0.0,15,2167
16,33091,0.7,14,900
6,6281,0.6,6,1146
2,37086,0.8,2,238
12,31339,0.0,10,314
6,13675,0.5,6,1330
6,3070,0.4,6,1362
17,9989,1.0,15,75
3,10079,0.6,3,733
6,6774,0.0,6,1095
11,14237,0.0,9,1679
7,11887,0.9,7,774
2,14353,0.0,2,303
12,132,0.0,10,1892
6,10519,0.2,6,1263
12,15809,0.0,10,725
17,19369,0.8,15,1649
2,4786,0.0,2,429
12,23755,0.0,10,243
16,35712,0.0,14,2163
15,40748,0.0,13,85
17,1074,0.6,15,34
12,16001,0.0,10,1524
16,35847,0.0,14,167
6,5030,0.1,6,958
17,10298,0.9,15,1236
11,764,0.8,9,1665
15,44276,0.0,13,2093
16,28497,0.7,14,1604
17,16518,0.4,15,1863
17,34134,0.0,15,147
16,28701,0.7,14,2064
5,11739,0.0,5,1056
12,21939,0.0,10,1932
17,18679,1.0,15,125
13,251,0.0,11,1451
17,12293,1.0,15,296
2,3324,0.0,2,309
16,34561,0.0,14,1758
17,11021,0.8,15,1825
12,31147,0.0,10,1719
17,6114,1.0,15,534
6,10165,0.0,6,807
2,28979,0.0,2,592
7,18095,0.0,7,814
2,32587,0.0,2,572
12,22687,0.0,10,588
11,7674,0.0,9,77
12,11743,0.0,10,1772
16,28677,0.5,14,875
16,15583,0.6,14,687
14,5682,0.7,12,521
12,14921,0.0,10,1108
16,17777,0.0,14,1043
11,356,0.0,9,15
6,3841,0.8,6,1166
16,37576,0.0,14,2076
1,40956,0.7,1,112
6,664,0.0,6,1419
6,1132,0.5,6,1184
11,528,0.9,9,1292
5,33222,0.7,5,1033
12,2001,0.0,10,1334
17,8100,0.8,15,1926
4,561,0.7,4,974
16,2001,0.8,14,1334
0,3457,0.0,0,57
17,40483,0.0,15,2110
17,71,0.5,15,53
17,10713,0.6,15,1349
6,9331,0.8,6,1369
8,33352,0.0,8,184
16,38619,0.0,14,2105
11,9253,0.0,9,168
12,32370,0.0,10,889
17,18897,0.7,15,809
17,11759,0.9,15,1520
16,10012,0.5,14,2122
3,2593,0.0,3,640
17,227,0.5,15,701
4,356,0.8,4,15
16,19163,0.6,14,688
5,2993,0.0,5,838
17,37430,0.0,15,179
0,2006,0.0,0,72
6,440,0.0,6,1485
13,150,0.5,11,913
6,389,0.4,6,1385
3,22789,0.8,3,663
12,14289,1.0,10,1116
3,4654,0.7,3,861
12,33377,0.0,10,1774
4,3196,0.7,4,1005
16,228,0.0,14,60
12,5420,0.0,10,1741
4,192,0.7,4,952
5,6045,1.0,5,946
17,10397,0.1,15,790
17,31741,0.8,15,786
15,986,0.0,13,2056
3,18277,0.7,3,857
14,18245,0.0,12,1537
12,48,1.0,10,1782
6,1379,0.9,6,1243
17,2476,1.0,15,1534
6,13139,0.0,6,1423
14,28623,0.7,12,1817
17,16241,0.5,15,2490
16,241,0.0,14,1035
2,37991,0.0,2,393
17,25157,0.8,15,604
4,4725,0.7,4,704
17,40682,0.0,15,2188
14,34642,0.0,12,2019
2,19631,0.0,2,587
6,10491,0.3,6,1221
17,32900,0.0,15,2373
16,19685,0.0,14,1632
16,1579,0.4,14,947
16,31798,0.6,14,771
2,36949,0.0,2,165
2,15537,0.0,2,607
5,877,1.0,5,66
2,15843,0.0,2,431
6,1335,0.8,6,1249
14,889,0.8,12,286
17,9741,0.7,15,2386
16,32962,0.5,14,1752
6,3087,0.8,6,1163
16,4196,0.0,14,2171
16,34176,0.0,14,1851
12,21167,0.0,10,1726
16,10711,0.4,14,827
0,415,1.0,0,49
17,121,0.8,15,16
16,21671,0.6,14,2134
3,10568,0.8,3,754
4,68,0.7,4,11
3,1292,0.8,3,646
12,202,0.0,10,71
12,28927,0.0,10,1602
17,14129,0.3,15,2454
6,907,0.8,6,967
6,4795,0.6,6,1304
11,154,1.0,9,155
16,10578,0.0,14,675
17,22265,0.6,15,1622
17,21085,1.0,15,1850
14,34514,0.8,12,1999
17,16668,0.8,15,1739
14,10588,0.6,12,825
17,6675,0.7,15,834
17,38186,0.0,15,672
12,5079,0.0,10,1743
5,8675,0.0,5,847
16,170,0.6,14,2151
5,34902,0.0,5,867
4,962,0.0,4,1010
5,861,0.0,5,994
16,13759,0.6,14,152
6,59,0.0,6,924
6,6351,0.8,6,1172
13,3784,0.0,11,1190
0,761,0.0,0,35
16,34279,0.0,14,1730
11,20689,0.8,9,1624
13,2025,0.9,11,302
11,10080,1.0,9,752
8,270,0.0,8,228
16,32438,0.5,14,1098
5,14751,0.0,5,1065
2,20377,0.0,2,311
8,11701,0.7,8,1560
12,47,0.0,10,650
17,5114,0.9,15,63
12,1836,0.0,10,1955
6,3588,0.7,6,201
17,42923,0.0,15,2192
6,9846,0.7,6,1147
17,14669,0.0,15,2217
6,8063,0.8,6,1318
16,24455,0.0,14,785
4,4918,0.8,4,996
12,2144,1.0,10,138
6,3594,0.8,6,1333
16,7647,0.0,14,657
2,12957,0.0,2,331
17,13759,1.0,15,152
6,339,0.0,6,1111
5,8424,0.0,5,473
6,4725,0.0,6,704
3,27831,0.7,3,697
2,10460,0.0,2,418
1,19,0.9,1,65
3,32901,0.6,3,698
2,2413,0.0,2,288
17,22145,0.9,15,2362
3,23283,0.0,3,642
17,3503,0.6,15,402
12,19775,0.0,10,1838
11,19151,0.7,9,1664
17,15119,0.3,15,2434
17,31338,0.7,15,1735
17,14833,0.7,15,1526
17,1067,0.6,15,2353
12,33023,0.0,10,1773
2,777,0.0,2,359
14,570,0.0,12,23
3,28979,0.7,3,592
17,5734,0.1,15,1966
3,43,0.8,3,779
11,846,1.0,9,545
12,12967,0.0,10,1710
15,901,0.0,13,2050
11,20507,0.8,9,87
16,3503,0.0,14,402
0,419,0.8,0,42
12,22877,0.0,10,1653
14,13601,0.8,12,831
2,30614,0.0,2,269
17,849,0.6,15,641
16,30831,0.7,14,130
2,40639,0.0,2,600
4,861,0.8,4,994
12,28677,0.0,10,875
6,949,0.0,6,1505
11,384,0.0,9,1682
6,1723,0.9,6,1013
15,594,0.9,13,1272
16,36516,0.0,14,2096
8,32899,0.0,8,1051
3,18677,0.7,3,876
3,30296,0.7,3,535
12,11111,0.0,10,655
17,6920,0.4,15,2229
7,6205,0.5,7,763
8,2167,0.8,8,80
17,21039,0.3,15,2284
11,22265,0.9,9,1622
16,32998,0.0,14,644
2,4600,0.0,2,270
6,1554,0.6,6,1145
6,4158,0.7,6,1186
12,30363,0.0,10,564
12,10408,0.0,10,1571
3,23755,0.7,3,243
17,36049,0.0,15,2252
16,457,0.0,14,32
12,33489,0.0,10,1820
6,30,0.8,6,804
16,3588,0.6,14,201
3,15809,0.8,3,725
14,32182,0.9,12,242
5,330,0.0,5,894
17,24439,0.8,15,764
3,13331,0.7,3,746
3,29758,0.3,3,859
14,39587,0.0,12,151
0,1829,0.7,0,18
6,4130,0.6,6,1285
6,3772,0.5,6,1314
2,24911,0.0,2,441
17,36456,0.0,15,102
16,31933,0.7,14,205
16,24705,0.6,14,1755
16,37521,0.0,14,183
15,2472,0.0,13,139
2,9968,0.0,2,621
16,27991,0.7,14,1814
6,522,0.7,6,1267
17,37989,0.0,15,2304
17,11227,0.5,15,1761
3,4224,0.8,3,182
11,4214,0.9,9,1651
4,393,0.5,4,928
5,33948,0.0,5,1086
6,4715,0.9,6,1323
7,8074,0.7,7,231
5,35222,0.0,5,1081
17,6324,0.8,15,818
7,15583,0.7,7,687
16,33080,0.6,14,2120
2,18689,0.0,2,107
17,1050,1.0,15,1672
3,38759,0.7,3,852
16,3455,0.5,14,249
16,31240,0.8,14,150
17,23289,0.6,15,709
17,34572,0.0,15,78
12,13601,0.0,10,831
12,21563,0.0,10,1090
4,6023,0.7,4,812
11,8525,0.9,9,751
4,1589,0.0,4,1012
1,40748,0.9,1,85
6,4353,0.7,6,1199
2,10110,0.0,2,463
5,20047,0.0,5,1110
12,1689,0.0,10,12
17,39565,0.0,15,290
3,34902,0.8,3,867
1,37965,0.9,1,124
5,795,0.0,5,1103
17,18523,0.7,15,2437
17,41109,0.0,15,2026
3,32949,0.8,3,780
12,34577,0.0,10,482
17,17831,0.7,15,2334
5,10165,0.0,5,807
2,39068,0.0,2,273
6,11687,0.4,6,1308
11,6802,1.0,9,1658
16,10357,0.0,14,1906
5,245,0.0,5,54
17,28539,0.0,15,2282
11,10119,0.8,9,1669
12,25013,0.0,10,1707
5,2034,0.9,5,29
4,4192,0.0,4,892
2,40956,0.0,2,112
17,125,0.3,15,2278
16,28121,0.5,14,1621
5,617,0.5,5,1038
8,20449,0.0,8,1609
12,5114,1.0,10,63
2,34134,0.9,2,147
2,36052,0.0,2,437
3,101,0.0,3,884
5,6645,0.8,5,1032
17,40497,0.0,15,2374
3,18139,0.7,3,864
17,22147,0.8,15,653
16,1218,0.5,14,1049
13,120,0.8,11,929
11,2001,0.0,9,1334
17,23269,0.1,15,2321
3,209,0.0,3,901
8,21327,0.0,8,1572
14,29803,0.0,12,512
2,32282,0.0,2,163
16,3229,0.0,14,769
5,17895,0.0,5,717
17,6919,0.7,15,2486
3,20709,0.7,3,839
17,40911,0.0,15,2493
16,134,0.0,14,55
13,3655,0.0,11,963
16,4999,0.0,14,659
2,39477,0.0,2,562
14,6682,0.7,12,1133
6,10800,0.0,6,1075
5,28171,0.0,5,161
17,8577,0.9,15,264
6,6463,0.0,6,1438
6,9333,0.8,6,1245
6,4793,0.6,6,1303
11,20045,0.8,9,1628
8,28677,0.0,8,875
7,2926,0.7,7,962
17,16742,0.7,15,870
6,7568,0.0,6,1510
5,72,0.0,5,1079
7,5680,0.9,7,943
17,12679,0.5,15,879
2,5682,0.0,2,521
17,8475,0.0,15,2214
17,19163,1.0,15,688
17,22123,0.3,15,1905
6,2236,0.9,6,48
16,37430,0.7,14,179
16,8074,0.6,14,231
5,21995,0.0,5,1061
3,3782,0.8,3,756
17,21677,0.7,15,1873
6,9591,0.0,6,1406
6,10161,0.8,6,1278
7,17895,0.9,7,717
12,32961,0.0,10,1759
2,23755,0.9,2,243
2,35788,0.0,2,164
11,27831,0.9,9,697
12,134,0.0,10,55
2,4010,0.0,2,266
2,6986,0.0,2,411
6,3901,0.9,6,1150
6,2167,0.9,6,80
7,20021,0.8,7,1536
17,10155,0.9,15,1800
16,40496,0.7,14,2077
7,23273,0.0,7,156
0,433,0.6,0,27
17,31853,0.0,15,2228
17,12175,0.5,15,2176
3,15059,0.8,3,735
16,24,0.7,14,5
7,1691,0.7,7,945
17,12445,1.0,15,1965
2,7708,0.0,2,451
13,2926,0.0,11,962
17,23311,0.7,15,2283
2,30583,0.0,2,338
6,6811,0.0,6,1442
6,3298,0.8,6,1206
11,11771,0.9,9,132
13,173,0.0,11,1494
12,5530,0.0,10,966
12,30870,0.0,10,1855
11,23289,1.0,9,709
2,73,0.0,2,333
17,6211,0.7,15,2478
11,10620,0.9,9,241
17,28907,0.7,15,708
3,32603,0.7,3,817
16,34009,0.0,14,2153
17,31764,0.7,15,897
12,1735,1.0,10,61
8,15879,0.0,8,1566
17,257,0.3,15,1054
17,10918,0.5,15,2359
17,24031,0.5,15,691
7,8086,0.7,7,1542
2,30307,0.0,2,475
16,16904,0.6,14,2132
2,38141,0.0,2,576
5,257,0.0,5,1054
1,4053,0.9,1,177
16,957,0.5,14,972
13,4789,0.0,11,1978
15,28701,0.0,13,2064
6,7972,0.0,6,1403
12,20431,0.0,10,1903
6,5168,0.5,6,1062
15,40586,0.0,13,2094
17,9253,1.0,15,168
6,3165,0.7,6,1215
15,985,0.0,13,2057
5,934,0.6,5,365
17,30795,0.4,15,2224
2,8668,0.0,2,553
17,10456,0.9,15,1918
6,10714,0.8,6,1350
8,21995,0.0,8,1061
3,6201,0.6,3,828
12,22297,0.0,10,1727
16,2986,0.0,14,2161
17,40046,0.0,15,2331
17,22319,0.9,15,250
17,7472,0.8,15,1200
2,14991,0.0,2,356
7,2927,0.0,7,1543
17,3941,0.8,15,2423
7,6547,0.9,7,96
1,39587,0.9,1,151
6,9314,0.0,6,1375
12,32866,0.0,10,1871
16,23289,0.0,14,709
3,10397,0.7,3,790
2,30694,0.0,2,313
5,226,1.0,5,222
17,7592,0.9,15,2179
8,31043,0.6,8,99
2,19569,0.0,2,396
17,10716,0.7,15,1352
3,14967,0.8,3,671
6,306,0.0,6,883
12,2026,0.0,10,727
17,10405,0.4,15,2487
12,2167,0.0,10,80
2,5081,0.0,2,98
2,33768,0.0,2,494
17,41433,0.0,15,2201
17,13599,0.6,15,1941
7,6880,0.7,7,689
2,4358,0.0,2,272
11,6702,1.0,9,1
2,1387,0.0,2,628
11,7791,0.8,9,1020
6,9253,0.0,6,168
2,30385,0.0,2,619
3,32086,0.8,3,668
16,33377,0.0,14,1774
5,59,0.0,5,924
14,33,0.9,12,1994
16,5030,0.0,14,958
17,12189,0.8,15,196
16,5734,0.0,14,1966
12,15793,0.0,10,1952
12,23309,0.0,10,1938
12,13655,0.0,10,783
3,30727,0.8,3,841
0,2913,0.6,0,13
3,11079,0.7,3,768
3,16918,0.9,3,713
2,33165,0.0,2,461
17,7054,0.9,15,750
2,9322,0.0,2,362
17,30806,0.8,15,1949
17,27631,0.8,15,1729
1,38882,0.0,1,198
13,2369,0.0,11,970
2,20959,0.0,2,410
15,32937,0.0,13,131
11,28171,0.9,9,161
16,4186,0.6,14,1796
1,18689,0.8,1,107
16,31952,0.5,14,775
17,31580,0.6,15,212
6,80,0.0,6,1465
6,10715,0.8,6,1351
16,7590,0.0,14,2177
15,41573,0.0,13,2027
2,9308,0.0,2,498
6,3401,0.7,6,1144
8,28927,0.0,8,1602
13,2164,1.0,11,1977
12,23421,0.0,10,1650
17,15771,0.8,15,2428
6,198,0.0,6,1488
2,33962,0.0,2,574
17,20973,0.8,15,1950
2,972,0.0,2,281
17,29589,0.6,15,2166
17,28927,0.9,15,1602
5,36296,0.0,5,731
2,35936,0.0,2,380
14,27775,0.0,12,1603
1,38408,0.8,1,103
12,10620,0.0,10,241
1,442,0.7,1,136
8,32281,0.0,8,127
16,2404,0.0,14,1370
1,38483,0.0,1,88
12,14741,0.0,10,677
8,18229,0.0,8,1590
13,857,0.4,11,260
17,22097,0.7,15,2372
8,578,0.9,8,20
12,28617,0.0,10,832
6,2105,0.0,6,982
6,1564,0.4,6,1387
14,20899,0.8,12,235
8,28497,0.0,8,1604
0,6702,0.7,0,1
17,40750,0.0,15,2023
17,10798,0.8,15,616
6,27,0.0,6,1507
17,8516,1.0,15,1611
17,850,0.1,15,1198
12,1575,1.0,10,105
17,23309,0.9,15,1938
4,4551,0.9,4,941
17,40496,0.0,15,2077
2,33104,0.0,2,537
6,5947,0.9,6,1336
15,36915,0.0,13,2062
12,226,0.0,10,222
17,36633,0.0,15,2123
15,33486,0.0,13,101
6,2175,0.8,6,1242
16,35062,0.0,14,1822
2,24833,0.0,2,76
3,28223,0.7,3,221
6,9062,0.8,6,1128
16,23321,0.8,14,1636
7,14289,0.9,7,1116
12,36475,0.0,10,1840
17,32214,0.4,15,1742
17,251,0.9,15,1451
16,19799,0.5,14,1940
6,7054,0.8,6,750
1,11371,0.7,1,157
17,9107,0.1,15,2407
16,31764,0.0,14,897
17,38481,0.0,15,2475
5,5494,0.0,5,1093
7,9756,0.8,7,453
2,5040,0.9,2,245
0,202,0.0,0,71
16,38101,0.0,14,2157
4,2904,1.0,4,220
2,32935,0.0,2,116
2,12065,0.0,2,529
5,28297,0.0,5,821
17,24627,1.0,15,2489
17,4999,0.8,15,659
12,31904,0.0,10,1712
17,32086,0.0,15,668
17,40540,0.0,15,2084
12,274,0.0,10,1912
17,33889,0.0,15,2431
16,18677,0.0,14,876
16,38671,0.0,14,111
6,379,0.2,6,1384
6,11979,0.0,6,1458
5,7396,0.6,5,1046
17,32380,0.9,15,2072
8,5680,0.0,8,943
12,20785,1.0,10,1525
16,33926,0.0,14,525
2,8424,0.0,2,473
15,987,0.0,13,2037
12,13335,0.0,10,1890
2,23033,0.0,2,335
6,4966,0.5,6,1229
16,45,0.7,14,1692
6,7785,0.0,6,1125
17,28617,0.7,15,832
2,37405,0.0,2,310
11,18277,1.0,9,857
8,8479,0.0,8,1212
17,15335,0.9,15,2288
6,523,0.7,6,1347
3,3342,0.0,3,895
2,25345,0.0,2,536
2,10419,0.0,2,466
17,39199,0.0,15,2346
17,21405,0.8,15,1071
11,10798,0.0,9,616
4,4975,0.6,4,922
16,34240,0.7,14,2149
17,33255,0.0,15,1109
17,11739,0.7,15,1056
5,31478,0.0,5,1072
6,2994,0.0,6,1410
3,10087,0.8,3,82
3,11741,0.9,3,326
17,11633,0.8,15,217
6,1530,0.0,6,1444
17,18039,0.5,15,2424
7,7647,0.7,7,657
14,11741,0.8,12,326
16,16355,0.0,14,2165
14,6,0.0,12,1506
6,7337,0.8,6,1211
5,1387,0.0,5,628
17,33743,0.0,15,2279
17,8246,0.8,15,142
1,38680,0.0,1,83
3,6205,0.6,3,763
11,9041,0.9,9,741
0,578,1.0,0,20
15,892,0.0,13,2040
12,20,1.0,10,33
17,2034,0.0,15,29
6,3713,0.7,6,1231
12,12191,0.0,10,1956
13,1887,0.9,11,56
3,13759,0.8,3,152
6,10294,0.7,6,1348
14,19429,0.7,12,1984
16,5277,0.0,14,1655
17,355,0.5,15,975
4,381,0.7,4,932
17,17895,0.8,15,717
12,16524,1.0,10,905
3,32937,0.8,3,131
17,25429,0.3,15,2104
17,13391,0.8,15,2420
16,37475,0.0,14,2107
17,31326,0.7,15,2323
2,39392,0.0,2,462
3,66,0.9,3,660
6,11691,0.7,6,1155
16,5682,0.0,14,521
17,5530,1.0,15,966
11,11617,0.0,9,364
12,8525,0.0,10,751
8,32648,0.0,8,724
12,11843,0.0,10,685
17,25859,0.3,15,2422
3,11761,0.7,3,793
16,28755,0.6,14,104
3,12679,0.0,3,879
11,8277,0.0,9,1686
11,16498,1.0,9,158
3,29803,0.8,3,512
16,210,0.6,14,1107
17,21995,0.4,15,1061
3,31646,0.9,3,643
17,27655,0.8,15,1787
2,38708,0.0,2,620
2,40519,0.0,2,636
14,7311,0.0,12,1493
11,10794,0.9,9,1629
8,30709,0.0,8,1596
16,132,0.7,14,1892
2,9260,0.0,2,422
0,431,0.8,0,21
12,15225,1.0,10,729
3,30831,0.9,3,130
11,25879,0.9,9,1556
3,5597,0.7,3,799
16,18245,0.0,14,1537
17,37086,0.0,15,238
8,31376,0.0,8,702
16,21881,0.5,14,173
5,32899,0.9,5,1051
2,18655,0.0,2,432
17,39463,0.0,15,2301
12,23079,0.0,10,1623
4,4021,0.0,4,1025
2,11499,0.7,2,247
3,29786,0.7,3,248
7,20853,0.0,7,1545
5,1261,0.7,5,1040
11,8424,0.8,9,473
2,8795,0.0,2,517
6,9989,1.0,6,75
3,9863,0.9,3,854
15,356,0.0,13,15
15,40956,0.0,13,112
2,11859,0.0,2,531
16,14741,0.5,14,677
11,738,0.0,9,1386
5,9756,0.0,5,453
3,14227,0.9,3,863
2,35573,0.0,2,609
11,517,0.8,9,547
12,4197,0.0,10,1866
2,30460,0.0,2,399
17,17082,0.6,15,1852
16,17265,0.7,14,1635
16,10793,0.8,14,1130
2,39365,0.0,2,320
7,12291,0.0,7,645
17,23121,0.8,15,744
16,32262,0.5,14,2145
6,5141,0.9,6,1331
17,6945,0.4,15,2296
6,2899,1.0,6,1223
5,21863,0.8,5,788
7,4181,1.0,7,1014
2,857,0.0,2,260
6,3652,0.9,6,1222
7,15379,0.8,7,778
2,6114,0.0,2,534
14,41084,0.0,12,2014
11,1119,0.7,9,1295
8,31716,0.0,8,902
17,2026,0.9,15,727
11,24,0.9,9,5
12,4186,0.0,10,1796
2,36121,0.0,2,378
12,27631,0.0,10,1729
3,31764,0.0,3,897
16,6512,0.0,14,815
17,600,0.4,15,28
2,11879,0.0,2,502
17,10793,1.0,15,1130
16,16668,0.0,14,1739
17,527,0.2,15,1287
11,237,0.0,9,1449
17,10711,0.7,15,827
17,36896,0.0,15,289
4,5525,0.0,4,1008
6,5365,1.0,6,1354
15,11741,0.0,13,326
12,32937,0.0,10,131
17,33475,0.0,15,1073
12,5940,0.0,10,1652
6,9941,1.0,6,589
12,16011,1.0,10,862
12,31251,0.0,10,1749
11,527,0.8,9,1287
8,39195,0.0,8,1561
14,270,0.7,12,228
11,15315,0.9,9,796
14,15109,0.7,12,1988
16,31758,0.7,14,424
5,6347,0.0,5,1064
16,37675,0.6,14,2143
16,28,0.5,14,2155
17,33248,0.0,15,2341
7,11013,0.0,7,1547
6,601,0.0,6,1467
15,44087,0.0,13,2090
6,3358,0.9,6,1255
5,189,0.0,5,239
17,38909,0.0,15,2070
8,9515,0.0,8,1570
11,14749,0.9,9,148
17,10080,1.0,15,752
8,27775,0.0,8,1603
17,4081,0.7,15,801
12,12015,0.0,10,1501
4,3655,0.8,4,963
16,6166,0.0,14,658
3,32542,0.8,3,843
3,9367,0.7,3,703
12,18153,0.0,10,781
6,10713,0.7,6,1349
15,30694,0.0,13,313
0,2248,0.6,0,36
2,7875,0.0,2,405
3,30307,0.7,3,475
17,28249,0.8,15,1789
4,2167,0.0,4,80
5,34800,0.0,5,1057
11,18115,0.9,9,1641
0,597,0.0,0,37
3,205,0.9,3,844
13,3228,0.0,11,1515
3,38787,0.7,3,850
16,59,0.0,14,924
17,14353,1.0,15,303
6,4981,0.0,6,1129
14,31537,0.0,12,2016
6,228,0.7,6,60
0,459,0.9,0,39
6,11843,0.8,6,685
16,32105,0.0,14,1115
1,28171,0.8,1,161
5,5162,0.0,5,1099
12,21603,0.0,10,1573
16,10067,0.5,14,1137
17,34561,0.0,15,1758
17,41380,0.0,15,2032
12,3269,1.0,10,1780
17,37522,0.0,15,2404
17,5525,0.5,15,1008
6,1525,0.6,6,1288
5,1239,0.0,5,1069
5,32542,0.0,5,843
6,173,0.0,6,1494
2,33926,0.0,2,525
17,9690,0.0,15,2262
13,2159,0.8,11,1979
7,8476,0.7,7,1531
3,18153,0.8,3,781
16,3358,0.0,14,1255
3,24031,0.8,3,691
1,13759,0.7,1,152
0,242,1.0,0,2
8,9181,0.0,8,476
14,2904,0.9,12,220
7,5984,0.0,7,1552
3,29785,0.7,3,745
12,22043,0.0,10,323
11,5060,0.0,9,1209
16,1536,0.6,14,2121
6,149,0.9,6,953
6,1177,0.0,6,1391
6,11123,0.0,6,1479
3,5114,0.0,3,63
17,1564,0.1,15,1387
6,1889,1.0,6,1219
12,6702,0.0,10,1
16,32648,0.6,14,724
17,16444,0.0,15,2384
0,71,0.0,0,53
6,1049,0.0,6,1402
6,8675,0.0,6,847
11,57,1.0,9,886
12,4177,0.0,10,1160
12,2472,1.0,10,139
17,38572,0.0,15,2212
17,4177,0.0,15,1160
3,10187,0.8,3,728
17,19315,0.2,15,1937
13,4059,0.0,11,1173
15,906,0.0,13,2055
5,2596,0.0,5,1112
17,32188,0.8,15,171
3,13367,0.7,3,776
17,28625,0.8,15,2445
6,1972,0.7,6,1266
6,1810,0.6,6,1258
3,16592,0.8,3,684
12,34599,0.0,10,135
17,4884,0.5,15,1701
8,15775,0.0,8,1533
6,1013,0.0,6,1022
4,59,0.7,4,924
0,481,1.0,0,10
16,39324,0.8,14,2115
5,10187,0.0,5,728
15,895,0.0,13,2044
6,8628,0.8,6,1164
3,2508,0.8,3,711
16,1086,0.6,14,2133
17,10294,0.7,15,1348
16,37510,0.7,14,1824
7,329,0.0,7,1474
17,36525,0.0,15,2269
17,4896,1.0,15,1118
8,1723,0.0,8,1013
14,1519,0.9,12,667
3,6675,0.9,3,834
15,10087,0.0,13,82
16,237,0.7,14,1449
2,264,0.0,2,351
12,31181,0.0,10,514
17,36949,0.0,15,165
12,16706,0.0,10,1631
2,38831,0.0,2,637
2,33769,0.0,2,384
2,40337,0.0,2,258
17,9790,0.7,15,2453
1,1735,1.0,1,61
17,27991,0.8,15,1814
7,15775,0.9,7,1533
17,17641,0.6,15,1620
4,969,0.9,4,983
16,31629,0.0,14,1807
7,4224,0.8,7,182
12,31452,0.0,10,1751
17,18713,0.8,15,2314
2,2025,0.0,2,302
16,33487,0.0,14,789
16,3230,0.5,14,1882
12,379,0.0,10,1384
2,34599,0.7,2,135
11,18119,1.0,9,851
5,1218,0.7,5,1049
6,22,0.5,6,175
16,25429,0.0,14,2104
2,1735,0.9,2,61
2,1388,0.0,2,630
3,889,0.9,3,286
2,15,0.9,2,224
2,2873,0.0,2,282
2,20801,0.0,2,425
7,710,0.6,7,1532
3,30240,0.8,3,830
16,22865,0.6,14,837
3,2494,0.7,3,718
17,31318,0.7,15,1718
6,5355,0.0,6,1480
17,13239,0.6,15,2381
16,8915,0.0,14,2097
5,10800,0.0,5,1075
17,40602,0.0,15,2195
6,1482,0.0,6,62
3,5356,0.7,3,674
2,270,0.9,2,228
11,15,0.0,9,224
2,24175,0.0,2,491
14,11077,0.8,12,360
3,7817,0.7,3,661
2,32667,0.0,2,276
16,10165,0.7,14,807
12,20509,0.0,10,1887
4,5030,0.5,4,958
6,12079,0.7,6,1151
17,3455,0.7,15,249
0,356,0.9,0,15
14,10087,0.8,12,82
12,433,0.0,10,27
15,6594,0.0,13,1541
3,10379,0.8,3,802
12,23133,0.0,10,1923
5,721,0.0,5,1106
16,1749,0.5,14,2118
12,32171,0.0,10,1709
16,9513,0.7,14,215
0,1047,0.6,0,38
2,22043,0.0,2,323
17,10030,0.8,15,662
1,38826,0.8,1,174
12,21863,0.0,10,788
12,12189,0.0,10,196
4,477,0.0,4,1009
12,24133,0.0,10,1841
16,10110,0.5,14,463
4,690,0.7,4,950
8,8142,0.0,8,1589
12,26443,0.0,10,865
16,37105,0.8,14,1037
14,7338,0.8,12,1990
4,5300,0.7,4,878
17,12549,1.0,15,680
17,382,0.4,15,1080
2,34388,0.0,2,559
17,14189,1.0,15,2468
6,4138,0.6,6,1167
2,34403,0.0,2,354
12,9181,0.0,10,476
3,20507,0.8,3,87
11,5277,0.9,9,1655
17,10156,0.2,15,1762
17,22535,0.7,15,128
12,11227,0.0,10,1761
17,41491,0.0,15,2028
3,32828,0.8,3,652
3,8630,0.7,3,730
6,7596,0.8,6,1202
17,28619,0.0,15,2421
12,295,0.0,10,1879
1,11771,0.7,1,132
16,6547,0.7,14,96
2,35926,0.0,2,571
2,37089,0.0,2,297
2,3002,0.0,2,348
17,15809,0.7,15,725
17,30484,0.0,15,169
16,29786,0.7,14,248
6,11741,0.0,6,326
2,19647,0.0,2,353
3,6114,0.8,3,534
3,1818,0.0,3,888
16,198,0.0,14,1488
15,41109,0.0,13,2026
0,174,0.4,0,46
6,1594,0.8,6,1230
17,32595,0.5,15,1766
16,317,0.7,14,2125
17,25835,0.8,15,853
4,3731,0.9,4,942
11,250,0.0,9,1690
16,31478,0.7,14,1072
5,36904,0.9,5,1027
17,9479,0.7,15,1876
12,97,0.0,10,1920
11,199,0.9,9,43
6,72,0.6,6,1079
6,1974,0.6,6,1376
17,12367,0.5,15,2442
17,2251,0.8,15,275
6,8888,0.0,6,1404
2,37699,0.0,2,301
2,36721,0.0,2,204
16,13161,0.5,14,721
5,34934,0.0,5,1092
0,68,0.6,0,11
6,5041,0.7,6,1201
16,10087,0.8,14,82
16,2130,0.0,14,2175
16,1722,0.6,14,2139
12,18679,0.0,10,125
12,523,1.0,10,1347
12,18139,0.0,10,864
17,9513,1.0,15,215
11,1482,1.0,9,62
12,11783,0.0,10,1722
12,10578,0.0,10,675
1,31043,0.9,1,99
16,11179,0.0,14,2111
6,4177,0.9,6,1160
1,32282,0.8,1,163
1,1575,1.0,1,105
17,6573,1.0,15,686
16,34019,0.0,14,2114
17,37055,0.0,15,2491
17,21821,0.6,15,1992
17,39555,0.0,15,2221
16,34902,0.5,14,867
17,14967,0.8,15,671
17,33506,0.0,15,656
0,228,0.0,0,60
5,14713,1.0,5,880
17,2144,0.3,15,138
3,32370,0.0,3,889
17,40052,0.0,15,84
12,14467,0.0,10,749
7,2129,0.0,7,866
6,413,0.1,6,1205
16,21511,0.0,14,1633
1,30276,0.8,1,146
8,934,0.0,8,365
2,4195,0.0,2,430
17,3422,0.5,15,2267
17,5507,0.5,15,1696
16,24405,0.0,14,1778
17,2131,0.9,15,2233
16,5220,0.0,14,2113
14,31043,0.0,12,99
6,120,0.0,6,929
16,10620,0.0,14,241
17,10119,0.8,15,1669
3,34618,0.7,3,669
16,12549,0.5,14,680
6,104,0.0,6,911
17,15883,0.3,15,1885
15,891,0.0,13,2039
17,20931,0.6,15,2398
2,2798,0.0,2,358
3,1689,0.8,3,12
12,11241,0.0,10,1371
12,30901,0.0,10,1775
16,1559,0.0,14,557
1,22199,0.7,1,95
5,228,0.0,5,60
17,9331,0.5,15,1369
12,16335,1.0,10,1826
12,30911,0.0,10,1843
1,2752,0.8,1,178
17,2994,0.0,15,1410
12,34497,1.0,10,304
16,857,0.7,14,260
7,3712,0.7,7,1540
5,20583,0.0,5,114
1,6325,0.7,1,141
0,600,0.6,0,28
17,33161,0.7,15,189
17,41834,0.0,15,2024
15,21,0.0,13,4
2,41094,0.0,2,626
12,33478,0.0,10,1846
16,2993,0.6,14,838
5,339,0.0,5,1111
6,6927,0.0,6,1436
17,37441,0.0,15,2416
1,18679,0.6,1,125
6,9756,1.0,6,453
16,37520,0.9,14,312
17,34964,0.0,15,2351
2,32615,0.0,2,634
16,3420,0.0,14,1322
12,19111,0.0,10,1638
12,1570,0.0,10,1431
17,29093,0.9,15,719
6,6641,0.7,6,1346
12,2508,0.0,10,711
2,7712,0.0,2,406
12,19023,0.0,10,1848
7,16498,0.8,7,158
6,1292,0.0,6,646
11,1123,0.7,9,1616
2,37450,0.0,2,153
1,25777,1.0,1,159
3,11433,0.9,3,654
17,40454,0.0,15,2060
15,37984,0.0,13,2025
7,16201,0.0,7,1544
17,2163,0.6,15,2198
16,9260,0.7,14,422
6,11897,0.6,6,1273
2,6704,0.0,2,533
5,32924,0.0,5,1119
12,16067,0.0,10,798
14,6573,0.8,12,686
6,8348,0.7,6,1341
12,7724,0.0,10,558
17,16982,0.6,15,2320
12,136,0.0,10,1004
0,466,0.7,0,40
5,33255,0.0,5,1109
7,8525,0.0,7,751
8,30,0.9,8,804
14,1,0.9,12,678
12,17325,0.0,10,1856
1,37403,0.8,1,74
16,29589,0.0,14,2166
16,25397,0.0,14,254
12,32105,0.0,10,1115
13,1535,0.0,11,58
7,9513,0.0,7,215
2,18691,0.0,2,394
17,5112,0.5,15,1028
7,10162,1.0,7,1121
12,857,0.0,10,260
14,30240,0.0,12,830
5,982,0.0,5,1078
6,7193,0.0,6,1394
17,27967,0.2,15,2435
15,30831,0.0,13,130
5,1535,0.0,5,58
2,1470,0.0,2,219
12,27503,0.0,10,1740
2,17539,0.0,2,467
12,2795,0.0,10,1724
14,5034,0.6,12,2002
13,457,0.0,11,32
12,28623,0.0,10,1817
3,6166,0.7,3,658
17,3366,0.0,15,1997
17,916,0.4,15,1345
7,322,0.0,7,1105
12,18497,0.0,10,1557
14,31339,0.9,12,314
12,27991,0.0,10,1814
2,36737,0.0,2,538
5,16592,0.0,5,684
5,2104,0.0,5,6
17,29803,0.9,15,512
17,28725,0.7,15,2355
16,18495,0.0,14,1915
6,31,0.0,6,1468
12,21327,0.0,10,1572
17,6213,0.9,15,2473
14,30694,0.0,12,313
3,10721,0.8,3,792
17,39701,0.0,15,2078
5,11111,0.0,5,655
3,6023,0.6,3,812
17,27783,0.0,15,2464
11,1686,0.8,9,1153
6,468,0.9,6,1226
17,8841,1.0,15,433
13,3420,0.0,11,1322
17,35203,0.0,15,1812
2,36999,0.0,2,639
17,24211,0.5,15,2401
12,13517,0.0,10,1944
3,13535,0.8,3,665
16,2251,0.8,14,275
6,567,0.0,6,1499
17,24703,1.0,15,229
12,2236,0.0,10,48
16,3322,0.0,14,2184
2,32405,0.0,2,460
1,40852,0.9,1,81
17,202,0.1,15,71
5,382,0.0,5,1080
17,31812,0.0,15,2361
3,31442,0.7,3,797
15,39587,0.0,13,151
16,516,0.6,14,2135
17,20847,0.7,15,848
13,3572,0.0,11,1453
8,23283,0.0,8,642
17,37982,0.0,15,694
3,6573,0.7,3,686
2,40472,0.0,2,292
7,14813,0.7,7,185
7,431,0.9,7,21
3,25099,0.7,3,820
3,5150,0.8,3,726
17,13367,0.5,15,776
3,10620,0.8,3,241
11,1943,0.0,9,1283
1,21881,0.5,1,173
1,23273,0.9,1,156
6,10477,0.9,6,1204
2,4760,0.0,2,403
11,392,0.0,9,1007
17,35946,0.0,15,2387
17,35338,0.0,15,2426
5,2775,0.0,5,1082
13,3092,0.0,11,1232
4,578,0.7,4,20
17,6707,0.8,15,1917
17,6166,0.6,15,658
16,33988,0.0,14,690
5,740,0.0,5,1066
17,17397,1.0,15,2251
17,2472,0.7,15,139
16,21327,0.5,14,1572
17,19115,0.0,15,2300
17,1575,0.9,15,105
14,28907,0.0,12,708
14,27899,0.0,12,1554
17,25015,0.6,15,2366
12,21435,0.0,10,1972
2,39565,0.0,2,290
6,1498,0.0,6,1397
11,165,0.0,9,1676
7,7054,0.8,7,750
7,14713,0.7,7,880
6,52,0.0,6,1446
17,23325,0.5,15,1836
2,34443,0.0,2,277
3,36296,0.9,3,731
12,11499,0.0,10,247
17,2363,0.1,15,1290
15,44881,0.0,13,2087
4,4181,0.0,4,1014
17,4192,0.8,15,892
16,7769,0.0,14,1041
16,21353,0.0,14,1661
8,16201,0.0,8,1544
15,39355,0.0,13,2082
8,8557,0.0,8,1580
6,10588,0.0,6,825
6,2904,0.8,6,220
3,6880,0.7,3,689
3,33731,0.8,3,705
16,251,0.5,14,1451
16,8557,0.0,14,1580
0,245,0.0,0,54
12,270,0.0,10,228
14,33674,0.0,12,2017
6,4173,0.0,6,1483
16,33489,0.7,14,1820
17,4437,0.7,15,140
3,19221,0.8,3,823
6,513,0.9,6,1047
14,33352,0.8,12,184
8,8074,0.0,8,231
4,2926,0.8,4,962
3,23273,0.8,3,156
12,34572,0.0,10,78
1,14813,0.8,1,185
12,16397,0.0,10,1936
14,14719,0.7,12,234
5,32105,0.0,5,1115
12,32360,0.0,10,1757
3,34103,0.8,3,681
17,12673,0.7,15,2403
12,79,0.0,10,1045
16,32936,0.0,14,2099
14,1575,0.9,12,105
2,10851,0.4,2,251
17,759,0.0,15,907
2,10668,0.0,2,381
17,34565,0.0,15,1813
11,8408,0.8,9,1187
12,10163,0.0,10,1400
7,9379,0.0,7,692
15,894,0.0,13,2043
3,22199,0.7,3,95
3,10588,0.8,3,825
17,9289,0.6,15,2316
17,23279,0.0,15,2310
8,32438,0.0,8,1098
3,25835,0.8,3,853
14,11285,0.5,12,1987
6,4038,0.0,6,1382
17,10396,0.9,15,664
2,36896,0.0,2,289
12,24011,0.0,10,1745
5,517,0.0,5,547
6,1607,0.7,6,1361
4,1575,1.0,4,105
11,6973,0.0,9,1319
2,34497,0.0,2,304
16,31757,0.7,14,423
1,4437,0.7,1,140
2,31189,0.0,2,622
15,34626,0.0,13,2011
4,1142,0.9,4,939
3,23121,0.6,3,744
3,22865,0.7,3,837
17,40858,0.0,15,2413
6,1313,0.7,6,1182
16,856,0.0,14,1511
8,1535,0.0,8,58
12,14345,0.0,10,673
2,35000,0.0,2,597
3,35790,0.9,3,586
0,1482,0.0,0,62
2,22319,0.8,2,250
8,6547,0.0,8,96
17,31927,0.7,15,2405
6,444,0.0,6,1462
16,29854,0.0,14,2085
17,79,0.9,15,1045
4,6702,0.0,4,1
7,226,0.9,7,222
0,3418,0.9,0,24
17,39940,0.0,15,166
17,12365,0.9,15,885
17,34437,0.0,15,2250
3,2167,0.8,3,80
3,32281,0.9,3,127
17,30296,0.6,15,535
3,28819,0.7,3,816
12,31790,0.0,10,1784
16,20787,0.6,14,666
11,13659,0.9,9,1601
17,23321,0.7,15,1636
17,14813,0.7,15,185
17,357,0.6,15,2164
17,40165,0.0,15,2369
2,17491,0.0,2,343
16,5041,0.0,14,1201
17,31859,0.6,15,349
17,15051,0.5,15,1637
2,34577,0.0,2,482
11,30307,0.0,9,475
17,10161,0.7,15,1278
16,126,0.0,14,2169
3,18095,0.7,3,814
16,15689,0.6,14,488
17,2248,0.5,15,36
11,16706,1.0,9,1631
16,24703,0.0,14,229
1,36098,0.0,1,193
14,20787,0.5,12,666
5,3731,0.0,5,942
12,16782,0.0,10,1916
16,37806,0.0,14,2101
12,33486,1.0,10,101
6,8042,0.0,6,1495
3,30503,0.8,3,813
11,4063,0.8,9,849
2,29803,0.0,2,512
17,11433,0.7,15,654
6,5680,0.0,6,943
17,37303,0.0,15,2342
12,4548,0.0,10,998
12,9756,0.0,10,453
4,5835,0.0,4,1015
11,18679,0.0,9,125
6,1117,0.6,6,1293
15,72,0.7,13,1079
16,19429,0.0,14,1984
17,30365,0.5,15,566
12,16870,1.0,10,181
6,10490,0.0,6,1398
6,6547,1.0,6,96
12,12477,1.0,10,1831
16,30484,0.9,14,169
15,39551,0.0,13,92
15,40594,0.0,13,2031
16,34599,0.0,14,135
12,9253,0.0,10,168
0,1894,0.7,0,50
3,28025,0.8,3,608
6,855,0.0,6,1490
15,1564,0.0,13,1387
16,32887,0.0,14,2167
2,38866,0.0,2,549
12,5682,0.0,10,521
17,13411,0.8,15,2308
1,37999,0.8,1,122
17,32189,0.8,15,682
16,8425,0.0,14,1428
12,27833,0.0,10,1884
14,11111,0.7,12,655
5,16353,0.0,5,1096
12,10588,0.0,10,825
2,38038,0.0,2,316
17,1243,0.8,15,2393
16,193,0.0,14,2108
12,813,1.0,10,1673
3,5630,0.8,3,363
6,527,0.7,6,1287
3,18119,0.8,3,851
14,21843,0.7,12,1535
17,19151,0.1,15,1664
8,22859,0.0,8,1575
17,2751,0.5,15,2383
11,25157,0.9,9,604
2,6702,0.0,2,1
11,25159,0.8,9,1626
2,2432,0.0,2,307
3,17729,0.7,3,347
14,9919,0.7,12,97
17,18671,0.7,15,1563
17,21033,0.3,15,2181
14,34984,0.0,12,2010
17,32023,0.6,15,1714
7,2236,0.0,7,48
6,8425,0.0,6,1428
3,227,0.8,3,701
17,10714,0.7,15,1350
12,24405,1.0,10,1778
1,39617,0.0,1,93
16,28927,0.7,14,1602
12,1224,0.0,10,1860
11,19111,0.9,9,1638
17,30091,0.6,15,1716
17,25159,0.6,15,1626
14,38668,0.8,12,1991
12,6046,0.0,10,1842
12,21677,0.0,10,1873
6,4898,0.0,6,3
6,7711,0.0,6,1445
12,32032,0.0,10,1765
8,17651,0.0,8,1591
11,2952,0.8,9,1416
3,21473,0.8,3,824
12,64,0.0,10,1310
4,4898,0.7,4,3
12,35076,0.0,10,1738
8,6702,0.0,8,1
2,29807,0.0,2,372
3,30,0.8,3,804
5,24,1.0,5,5
2,4304,0.0,2,426
7,13759,1.0,7,152
4,1482,0.0,4,62
12,11933,0.0,10,1753
17,2104,0.0,15,6
7,14753,0.7,7,1519
12,9941,0.0,10,589
17,35834,0.0,15,2203
8,6351,0.0,8,1172
16,14467,0.7,14,749
7,15809,0.8,7,725
17,40532,0.0,15,2207
12,325,0.0,10,1042
5,2963,1.0,5,795
8,22319,0.0,8,250
12,22433,0.0,10,1794
3,35788,0.9,3,164
8,32093,0.8,8,860
16,30296,0.7,14,535
16,5081,0.7,14,98
5,16,0.0,5,938
6,556,0.0,6,1450
11,17729,0.9,9,347
11,10521,1.0,9,872
8,11111,0.0,8,655
4,101,0.8,4,884
17,10162,0.6,15,1121
12,31404,0.0,10,489
1,7674,0.7,1,77
12,6166,0.0,10,658
5,918,0.0,5,345
17,28891,0.7,15,115
3,36407,0.6,3,767
16,15133,0.0,14,2159
17,13055,0.0,15,2430
12,21431,0.0,10,716
15,896,0.0,13,2045
12,32407,0.0,10,1717
17,39597,0.0,15,2462
12,35240,0.0,10,829
16,97,0.0,14,1920
2,5114,0.0,2,63
6,7588,0.0,6,1476
17,18617,0.7,15,1896
17,34403,0.0,15,354
17,11737,0.7,15,2205
6,158,0.8,6,957
4,3392,0.7,4,948
16,37210,0.6,14,2131
16,42571,0.0,14,2098
17,5958,0.9,15,855
12,15863,0.0,10,1893
7,8425,0.8,7,1428
17,36510,0.0,15,2482
17,17729,0.7,15,347
11,14513,0.9,9,1642
5,11887,0.0,5,774
2,13223,0.0,2,285
6,4134,0.5,6,1271
16,9213,0.6,14,2137
7,5630,0.0,7,363
8,30016,0.0,8,1583
6,6973,0.8,6,1319
2,34933,0.8,2,237
17,10408,0.8,15,1571
7,21843,0.8,7,1535
3,33487,0.7,3,789
16,18095,0.5,14,814
7,2966,0.9,7,1469
6,2104,0.0,6,6
6,1829,0.0,6,18
6,1606,0.6,6,1240
17,270,0.9,15,228
17,5593,0.7,15,2266
2,38034,0.0,2,209
3,4744,0.7,3,649
17,5978,0.0,15,2345
4,3467,0.7,4,811
12,16662,1.0,10,1815
3,5781,0.9,3,742
12,31043,0.0,10,99
12,17513,0.0,10,1877
1,37349,0.7,1,113
2,11757,0.0,2,172
0,4898,0.0,0,3
17,8915,0.5,15,2097
2,40456,0.0,2,192
0,24,0.9,0,5
3,4081,0.8,3,801
12,14765,0.0,10,1736
3,25,0.0,3,906
12,11617,0.0,10,364
2,38671,0.8,2,111
4,1860,0.8,4,980
12,21085,0.0,10,1850
16,442,0.6,14,136
11,19221,0.9,9,823
16,37999,0.8,14,122
15,33421,0.0,13,367
12,1482,0.0,10,62
6,3468,0.7,6,1265
17,38659,0.0,15,2440
11,19163,0.9,9,688
12,36456,0.0,10,102
17,28883,0.5,15,2322
5,1571,0.0,5,19
15,527,1.0,13,1287
16,4654,0.6,14,861
17,14293,0.7,15,2391
11,19685,0.7,9,1632
7,22199,0.8,7,95
16,28387,0.0,14,748
6,269,0.5,6,51
12,121,1.0,10,16
17,27787,0.7,15,810
11,10588,0.0,9,825
17,6987,1.0,15,263
6,2961,0.7,6,1183
17,11783,0.9,15,1722
8,33222,0.9,8,1033
4,178,0.8,4,987
17,34934,0.0,15,1092
2,11633,0.0,2,217
0,877,0.0,0,66
6,512,0.7,6,1264
14,25777,0.9,12,159
16,8516,0.5,14,1611
1,37497,0.8,1,121
5,2756,0.0,5,1074
7,8676,0.8,7,1030
17,10209,0.8,15,2357
17,16706,0.7,15,1631
7,9989,0.0,7,75
12,2787,0.0,10,1002
17,36028,0.0,15,2100
14,4224,0.0,12,182
17,9734,0.7,15,1630
12,936,1.0,10,137
3,6712,0.7,3,800
6,1118,0.6,6,1294
2,35972,0.0,2,324
14,9253,0.9,12,168
8,31771,0.0,8,1558
17,10012,0.9,15,2122
2,5959,0.0,2,472
0,134,0.0,0,55
2,30484,0.0,2,169
2,41261,0.0,2,268
12,30831,0.0,10,130
5,283,0.0,5,1059
7,1195,0.8,7,638
16,1157,0.6,14,2126
17,30711,0.8,15,2249
12,759,0.0,10,907
17,36524,0.0,15,2265
8,2236,0.0,8,48
8,147,0.0,8,1549
11,22199,0.9,9,95
6,5678,0.0,6,1021
7,26349,0.8,7,1517
17,34279,0.0,15,1730
12,6,0.0,10,1506
11,10020,0.9,9,1647
2,2396,0.0,2,470
16,6205,0.0,14,763
12,1744,0.0,10,1970
17,1482,0.9,15,62
7,23251,0.9,7,1518
2,11467,0.0,2,606
17,34497,0.0,15,304
2,9778,0.0,2,601
17,21267,0.6,15,2302
6,749,0.0,6,1466
14,30,1.0,12,804
2,28171,0.9,2,161
6,9777,0.4,6,1357
12,4725,0.0,10,704
3,10213,0.7,3,787
17,35788,0.0,15,164
3,28999,0.8,3,676
6,573,0.0,6,1475
17,12581,1.0,15,2119
16,14813,0.7,14,185
17,1818,0.4,15,888
16,969,0.7,14,983
17,36838,0.0,15,2293
12,31338,0.0,10,1735
17,33028,0.7,15,683
12,21421,0.0,10,1924
16,12403,0.0,14,2116
12,24037,0.0,10,1834
15,42205,0.0,13,200
1,16894,0.7,1,133
8,10711,0.0,8,827
8,32729,0.0,8,899
13,4181,0.0,11,1014
17,10417,0.7,15,2311
17,9367,0.7,15,703
5,914,0.0,5,1088
7,10620,0.9,7,241
11,1050,0.5,9,1672
5,1210,0.0,5,1101
5,578,0.0,5,20
8,4181,0.9,8,1014
7,25879,0.0,7,1556
17,39551,0.0,15,92
5,30240,0.6,5,830
14,23273,0.9,12,156
15,36456,0.0,13,102
12,27775,1.0,10,1603
6,452,0.0,6,1439
12,19257,0.0,10,1929
2,9969,0.0,2,346
2,31740,0.7,2,218
4,1542,0.8,4,917
7,2167,0.9,7,80
17,40852,0.0,15,81
3,33028,0.8,3,683
8,431,0.0,8,21
2,28025,0.0,2,608
2,5258,0.0,2,227
6,7030,0.5,6,1241
15,39576,0.0,13,2066
7,587,0.0,7,1016
6,10842,0.0,6,1421
3,32998,0.8,3,644
17,21339,0.8,15,2414
7,16011,0.8,7,862
17,15583,0.9,15,687
12,552,1.0,10,1181
17,23421,0.5,15,1650
6,5356,0.9,6,674
6,7031,0.4,6,1315
12,431,1.0,10,21
7,8768,0.6,7,1522
2,5097,0.0,2,357
2,239,0.0,2,342
17,1604,1.0,15,86
8,4059,0.0,8,1173
6,1047,0.8,6,38
17,14479,1.0,15,2375
16,28819,0.0,14,816
17,31636,0.5,15,1579
2,22,0.9,2,175
8,27899,0.0,8,1554
13,3091,0.0,11,995
6,1251,0.0,6,1422
17,33487,0.0,15,789
3,73,0.8,3,333
12,14813,1.0,10,185
0,3125,0.9,0,9
6,759,0.0,6,907
6,4551,0.0,6,941
2,28961,0.7,2,232
17,10460,0.7,15,418
6,467,0.8,6,1246
12,16918,0.0,10,713
3,31404,0.7,3,489
17,3326,0.0,15,2333
11,5231,0.0,9,1687
16,1699,0.0,14,971
17,14741,0.8,15,677
12,14513,0.0,10,1642
2,36849,0.0,2,485
12,31629,0.0,10,1807
17,34451,0.0,15,765
17,24997,0.5,15,2371
4,5530,0.7,4,966
2,38994,0.0,2,602
12,251,0.0,10,1451
2,33393,0.0,2,318
12,22273,0.0,10,1833
12,9936,0.0,10,1823
5,32438,0.0,5,1098
2,37771,0.0,2,419
12,12113,0.0,10,1792
14,36862,0.0,12,197
16,22297,0.6,14,1727
5,19841,0.0,5,1117
16,22729,0.7,14,651
17,143,0.1,15,1238
15,41468,0.0,13,2034
5,3186,1.0,5,1044
16,37991,0.9,14,393
5,7769,0.8,5,1041
17,5277,0.7,15,1655
17,34096,0.0,15,2291
14,35760,0.8,12,160
12,3230,0.0,10,1882
17,38656,0.0,15,2256
6,4886,0.0,6,1443
17,17080,0.1,15,1960
7,14749,0.0,7,148
1,28851,0.9,1,129
3,18897,0.8,3,809
3,2026,0.7,3,727
17,24415,0.7,15,134
6,8479,0.9,6,1212
4,5678,0.0,4,1021
2,36862,0.0,2,197
17,23703,0.0,15,2286
7,13161,0.7,7,721
12,20709,0.0,10,839
6,4752,0.0,6,990
5,37450,0.0,5,153
3,13655,0.7,3,783
2,9309,0.0,2,407
17,936,0.7,15,137
16,8841,0.6,14,433
17,30307,0.5,15,475
17,9135,0.7,15,1420
16,1606,0.0,14,1240
17,39523,0.0,15,2245
16,11285,0.5,14,1987
3,33352,1.0,3,184
17,10418,0.0,15,2261
8,32664,0.0,8,1581
12,2904,0.0,10,220
6,5177,0.0,6,1411
16,15109,0.0,14,1988
13,1575,1.0,11,105
6,1281,0.0,6,1424
4,100,0.7,4,976
5,2026,0.0,5,727
17,14811,0.8,15,715
2,15565,0.0,2,457
6,2616,0.6,6,1325
2,22901,0.0,2,447
17,24629,0.7,15,2358
6,2593,0.0,6,640
5,29786,0.0,5,248
16,576,0.5,14,2138
11,27787,0.9,9,810
14,268,0.8,12,1993
6,6637,0.7,6,1019
4,4662,0.0,4,1024
12,14075,0.0,10,877
12,18295,0.0,10,1909
4,2032,0.7,4,1006
6,8074,0.7,6,231
14,23251,0.0,12,1518
14,35145,0.0,12,2009
11,712,0.0,9,1705
3,5682,0.8,3,521
17,245,1.0,15,54
3,9919,0.8,3,97
4,3470,0.8,4,977
14,23283,0.9,12,642
12,11061,0.0,10,120
8,226,0.7,8,222
3,16524,0.0,3,905
12,11761,0.0,10,793
4,4938,0.8,4,985
14,2025,0.8,12,302
16,6922,0.7,14,1191
12,15,0.0,10,224
17,37475,0.0,15,2107
13,2167,0.8,11,80
1,936,0.6,1,137
16,20053,0.0,14,1776
12,35062,1.0,10,1822
3,25397,0.6,3,254
6,18507,0.0,6,1417
11,129,0.0,9,1683
17,20903,0.7,15,2317
17,12879,0.5,15,2255
2,40262,0.0,2,350
17,789,0.4,15,2441
17,7593,0.8,15,207
5,23673,0.0,5,1104
17,12487,0.8,15,1919
2,36122,0.0,2,541
16,16011,0.0,14,862
12,4975,0.0,10,922
11,1535,1.0,9,58
16,238,0.7,14,969
15,761,0.0,13,35
16,1762,0.0,14,2160
17,33771,0.0,15,2244
17,15565,0.6,15,457
8,15687,0.0,8,1562
6,1004,0.8,6,26
17,4151,0.4,15,2230
4,189,0.7,4,239
12,32182,0.0,10,242
12,20583,0.0,10,114
11,246,0.0,9,1685
15,39486,0.0,13,2089
2,11465,0.0,2,610
12,30503,0.0,10,813
14,7785,0.0,12,1125
3,6547,0.8,3,96
2,934,0.0,2,365
13,2924,1.0,11,890
6,2890,0.7,6,1034
3,15225,0.7,3,729
14,10165,0.8,12,807
17,39535,0.0,15,478
2,25777,0.0,2,159
1,38671,0.7,1,111
2,31518,0.0,2,370
12,18041,0.0,10,1943
6,32,0.9,6,1275
17,26443,0.8,15,865
17,6880,1.0,15,689
12,477,0.0,10,1009
17,10049,1.0,15,2397
7,15225,0.0,7,729
3,10719,0.7,3,670
12,6347,0.0,10,1064
17,39582,0.0,15,2189
15,35262,0.0,13,2033
17,21437,0.2,15,2234
11,10321,0.8,9,1662
17,30300,1.0,15,2326
4,656,0.8,4,908
16,9936,0.0,14,1823
16,21273,0.0,14,1897
12,356,1.0,10,15
17,32323,0.0,15,648
6,10298,0.6,6,1236
11,1559,1.0,9,557
16,30276,0.7,14,146
17,10659,0.3,15,2388
6,849,1.0,6,641
3,15735,0.7,3,747
16,21,0.0,14,4
3,189,0.7,3,239
2,6558,0.0,2,298
12,33502,0.0,10,1837
12,6773,0.0,10,1954
5,1887,0.0,5,56
3,27387,0.7,3,868
12,34300,0.0,10,1828
6,5957,0.7,6,1281
11,1509,0.0,9,1675
16,15315,0.6,14,796
14,22535,0.8,12,128
17,20,0.7,15,33
7,145,0.0,7,944
17,18295,0.6,15,1909
17,37449,0.0,15,2456
6,1943,1.0,6,1283
11,481,0.0,9,10
8,18897,0.0,8,809
12,1140,0.0,10,1894
17,37442,0.0,15,2417
12,19315,0.0,10,1937
8,31964,0.0,8,100
12,17909,0.0,10,1969
17,23281,0.7,15,2000
17,9736,0.7,15,2213
15,40750,0.0,13,2023
12,25907,0.0,10,1806
16,37141,0.0,14,2102
6,2161,0.6,6,1324
17,34321,0.0,15,2061
13,2759,0.9,11,1189
11,857,0.9,9,260
2,37078,0.0,2,526
6,2274,0.6,6,1170
17,9120,0.0,15,2227
14,4107,0.0,12,1335
17,28817,0.7,15,1931
16,36296,0.7,14,731
2,31789,0.0,2,505
12,21881,1.0,10,173
2,5209,0.0,2,459
4,371,0.7,4,920
6,2237,0.7,6,1311
3,2129,0.7,3,866
6,7311,0.0,6,1493
4,1699,0.9,4,971
12,23325,0.0,10,1836
1,5114,1.0,1,63
3,5081,0.8,3,98
17,31914,0.6,15,2446
16,25159,0.5,14,1626
3,15451,0.8,3,230
1,28891,0.8,1,115
17,34612,1.0,15,2180
17,33021,0.4,15,2419
2,2135,0.0,2,575
17,16035,1.0,15,1911
17,14653,0.7,15,2319
17,15201,0.7,15,2248
3,32282,0.8,3,163
3,16732,0.7,3,770
0,21,1.0,0,4
12,853,0.0,10,68
12,14355,0.0,10,1971
12,6758,0.0,10,1132
11,3667,0.0,9,1491
16,3901,0.0,14,1150
6,10717,0.7,6,1353
4,238,0.7,4,969
14,9756,0.8,12,453
2,22119,0.0,2,520
16,31716,0.5,14,902
16,8246,0.5,14,142
17,2904,0.9,15,220
3,14467,0.8,3,749
7,22789,0.9,7,663
12,23321,1.0,10,1636
4,807,0.7,4,984
3,131,0.8,3,842
12,31821,0.0,10,1790
17,34104,0.0,15,1816
16,50,0.0,14,2158
11,17265,1.0,9,1635
17,406,0.4,15,2238
17,4975,0.8,15,922
12,18229,0.0,10,1590
2,38935,0.0,2,471
11,9062,0.7,9,1128
6,15195,0.0,6,1432
2,31722,0.0,2,483
12,31764,0.0,10,897
17,3002,0.0,15,348
13,3457,0.1,11,57
3,6746,0.8,3,695
17,28805,0.8,15,2220
5,37786,0.0,5,1123
11,202,0.0,9,71
1,34134,0.7,1,147
12,16732,0.0,10,770
6,2290,0.6,6,1328
12,150,0.0,10,913
17,10717,0.8,15,1353
16,60,0.0,14,887
12,4726,1.0,10,1802
6,1060,0.0,6,1471
2,35247,0.0,2,515
6,356,0.0,6,15
7,12293,0.0,7,296
1,40221,0.8,1,123
15,899,0.0,13,2048
14,34389,0.0,12,2012
17,28677,1.0,15,875
12,2002,0.0,10,1899
3,8675,0.8,3,847
11,7817,0.7,9,661
1,4224,0.9,1,182
4,1698,0.8,4,898
2,34740,0.0,2,632
17,17777,0.3,15,1043
2,10920,0.0,2,552
17,19367,0.4,15,2280
2,16642,0.0,2,267
15,38830,0.0,13,2067
17,154,0.7,15,155
3,38938,0.8,3,903
12,2025,0.0,10,302
17,1276,0.6,15,2492
4,3359,0.7,4,910
11,6112,0.0,9,1697
8,121,0.0,8,16
5,10460,0.8,5,418
0,121,0.9,0,16
12,3457,0.0,10,57
17,20507,0.9,15,87
3,29093,0.8,3,719
12,25867,0.0,10,1942
17,32542,0.6,15,843
3,28617,0.7,3,832
2,17251,0.0,2,210
15,40961,0.0,13,2022
11,23333,0.0,9,1674
2,37223,0.0,2,508
15,40571,0.0,13,2075
6,2001,1.0,6,1334
3,267,0.0,3,891
15,40436,0.0,13,2080
17,9936,0.6,15,1823
3,10711,0.8,3,827
17,37779,0.0,15,190
12,7465,0.0,10,1803
17,19021,0.7,15,1574
17,23273,0.6,15,156
4,6512,0.0,4,815
6,7728,0.5,6,1208
17,38735,0.0,15,2194
5,15037,0.0,5,1077
17,11757,0.5,15,172
1,37450,1.0,1,153
17,5675,0.9,15,2225
3,35240,0.8,3,829
16,23233,0.7,14,563
14,121,0.8,12,16
12,21189,0.0,10,1849
16,4214,0.7,14,1651
17,24873,0.4,15,2106
12,14131,0.0,10,1895
8,10490,0.0,8,1398
1,6547,0.6,1,96
12,28833,0.0,10,1715
13,3786,0.0,11,1413
2,8074,0.6,2,231
16,7592,0.0,14,2179
17,16512,0.8,15,1720
6,1593,0.7,6,1149
6,1120,0.6,6,1296
17,9981,0.0,15,2406
17,39587,0.0,15,151
17,25397,0.6,15,254
6,6548,0.8,6,1337
13,2596,0.0,11,1112
17,36548,0.0,15,2354
4,355,0.5,4,975
8,40591,0.0,8,1594
6,3470,0.6,6,977
13,2963,0.0,11,795
7,11319,0.8,7,1538
17,31964,0.0,15,100
12,6444,0.0,10,1677
17,1887,1.0,15,56
16,10721,0.5,14,792
7,14227,0.9,7,863
16,2952,0.8,14,1416
17,4654,0.0,15,861
2,30365,0.0,2,566
2,1604,0.9,2,86
15,41380,0.0,13,2032
17,5337,0.1,15,2223
6,5,0.0,6,1407
17,32951,0.0,15,836
17,35507,0.0,15,191
11,18897,1.0,9,809
6,7,0.0,6,1512
12,12461,0.0,10,1900
2,11827,0.0,2,436
6,11239,0.0,6,1434
6,1894,0.3,6,50
12,12293,0.0,10,296
14,1482,0.7,12,62
1,2472,0.7,1,139
7,15037,0.7,7,1077
5,31181,0.0,5,514
12,19369,1.0,10,1649
2,13851,0.0,2,595
6,10163,0.0,6,1400
11,12031,0.0,9,1688
15,902,0.0,13,2051
17,18229,1.0,15,1590
4,1601,0.7,4,968
14,22135,0.9,12,1998
2,9202,0.0,2,554
16,34881,0.4,14,647
6,1532,0.0,6,1492
1,33161,0.8,1,189
12,9493,0.0,10,1880
11,24031,0.7,9,691
17,24231,0.4,15,1625
3,20031,0.7,3,679
17,28851,0.0,15,129
17,36480,0.0,15,2005
14,32937,0.8,12,131
1,269,0.7,1,51
16,9041,0.0,14,741
6,481,0.4,6,10
12,24455,0.0,10,785
6,916,0.5,6,1345
15,41488,0.0,13,203
3,7054,0.8,3,750
17,22865,0.9,15,837
17,1639,1.0,15,2232
8,16528,0.0,8,1569
2,37779,0.0,2,190
17,10715,0.6,15,1351
12,16009,0.0,10,753
16,32281,0.8,14,127
6,437,0.8,6,1284
15,41353,0.0,13,180
16,1195,0.0,14,638
5,996,0.0,5,1070
17,13659,0.8,15,1601
6,12679,0.0,6,879
16,25345,0.8,14,536
14,21,0.8,12,4
17,2001,1.0,15,1334
16,30503,0.6,14,813
15,30276,0.0,13,146
7,11617,0.7,7,364
2,21363,0.0,2,599
17,4063,0.3,15,849
16,195,0.5,14,2141
17,18247,0.4,15,1627
17,20709,1.0,15,839
3,14749,0.0,3,148
5,37171,0.0,5,1063
12,23847,0.0,10,188
17,30205,0.6,15,1586
5,71,0.0,5,53
8,376,0.0,8,1188
14,33489,0.0,12,1820
7,199,1.0,7,43
6,9865,0.9,6,1210
6,64,0.6,6,1310
17,30458,0.7,15,1577
17,37986,0.0,15,2481
16,31163,0.7,14,1799
12,27655,0.0,10,1787
12,165,0.0,10,1676
6,3057,0.2,6,1260
12,223,1.0,10,1801
12,32962,0.0,10,1752
13,330,0.8,11,894
14,34618,0.0,12,669
6,689,0.8,6,1360
3,31716,0.0,3,902
17,33674,0.0,15,2017
14,8074,0.5,12,231
6,2596,0.8,6,1112
6,2942,0.0,6,1380
17,40056,0.0,15,2035
2,9638,0.0,2,509
12,11021,1.0,10,1825
3,4280,0.8,3,758
6,1,0.6,6,678
1,36862,0.0,1,197
17,16732,0.5,15,770
3,34451,0.9,3,765
17,18495,0.3,15,1915
2,29083,0.0,2,450
3,14075,0.8,3,877
16,33255,0.0,14,1109
12,22199,0.0,10,95
6,143,1.0,6,1238
12,17265,0.0,10,1635
12,23333,0.0,10,1674
3,23289,0.8,3,709
16,71,0.6,14,53
11,9201,0.0,9,1666
17,2926,0.0,15,962
12,849,0.0,10,641
17,28861,0.6,15,2466
1,40456,0.0,1,192
12,478,0.0,10,1962
8,24893,0.0,8,1606
16,2104,0.0,14,6
17,32574,0.0,15,2348
17,28623,0.0,15,1817
2,31859,0.0,2,349
6,874,0.6,6,1185
12,6547,1.0,10,96
7,5341,0.9,7,1529
12,8086,0.0,10,1542
0,256,0.0,0,64
16,8277,0.0,14,1686
7,6045,0.0,7,946
2,22543,0.0,2,440
2,21521,0.0,2,337
17,19211,0.9,15,2459
17,12291,0.2,15,645
17,22687,0.8,15,588
4,105,0.8,4,916
3,7593,0.6,3,207
2,2352,0.0,2,300
3,2608,0.8,3,869
5,37985,0.0,5,1058
16,32188,0.6,14,171
17,24455,0.8,15,785
14,849,0.0,12,641
3,8407,0.8,3,856
7,5081,0.8,7,98
17,25313,0.6,15,2290
1,38329,0.9,1,154
17,7724,0.8,15,558
6,376,0.6,6,1188
16,5525,0.0,14,1008
12,15813,0.0,10,1747
15,392,0.8,13,1007
3,33094,0.7,3,874
12,17777,0.0,10,1043
16,13125,0.0,14,1553
6,801,0.8,6,1250
6,4896,0.0,6,1118
13,237,0.9,11,1449
0,1074,0.0,0,34
17,31588,0.0,15,2202
3,15583,0.7,3,687
12,5356,0.0,10,674
6,1575,0.8,6,105
5,21557,0.0,5,1102
12,157,0.0,10,1378
12,32951,0.0,10,836
7,5958,0.5,7,855
2,226,0.8,2,222
7,6594,0.0,7,1541
11,21511,0.7,9,1633
2,4015,0.0,2,546
11,5681,0.8,9,858
12,15085,0.0,10,1859
2,3479,0.0,2,584
16,940,0.0,14,2174
16,5940,0.0,14,1652
14,6547,0.8,12,96
6,5060,0.9,6,1209
5,5973,0.0,5,1052
6,5530,0.0,6,966
17,8769,0.7,15,822
12,6045,0.0,10,946
12,28121,1.0,10,1621
1,16870,0.9,1,181
6,933,0.0,6,1409
3,11499,0.7,3,247
12,13161,0.0,10,721
7,22319,0.9,7,250
12,30091,0.0,10,1716
4,372,0.9,4,921
2,31757,0.0,2,423
12,58,0.0,10,1867
17,8098,0.0,15,1961
17,10163,0.9,15,1400
15,893,0.0,13,2041
17,18115,0.8,15,1641
4,2817,0.0,4,1000
11,21507,0.8,9,1659
11,7769,0.7,9,1041
3,32189,0.8,3,682
6,6607,0.3,6,1327
1,38000,0.9,1,126
12,18671,0.0,10,1563
13,2581,0.0,11,1981
15,41345,0.0,13,2079
17,14719,0.0,15,234
2,38000,0.0,2,126
12,9863,0.0,10,854
16,29035,0.5,14,2147
3,3503,0.7,3,402
